<?xml version="1.0" encoding="UTF-8" ?>
<!DOCTYPE Pip0C1AsynchronousTestNotification SYSTEM "0C1_MS_R01_02_AsynchronousTestNotification.dtd">
<Pip0C1AsynchronousTestNotification>
	<AsynchronousTest></AsynchronousTest>
	<fromRole>
		<PartnerRoleDescription>
			<ContactInformation>
				<contactName>
					<FreeFormText xml:lang="EN">John Doe Sender</FreeFormText>
				</contactName>
				<EmailAddress>jdoesender@johndoe.com</EmailAddress>
				<facsimileNumber>
					<CommunicationsNumber>000.000.0001</CommunicationsNumber>
				</facsimileNumber>
				<telephoneNumber>
					<CommunicationsNumber>000.000.0001</CommunicationsNumber>
				</telephoneNumber>
			</ContactInformation>
			<GlobalPartnerRoleClassificationCode>Initiator</GlobalPartnerRoleClassificationCode>
			<PartnerDescription>
				<BusinessDescription>
					<GlobalBusinessIdentifier>123456789</GlobalBusinessIdentifier>
					<GlobalSupplyChainCode>Information Technology</GlobalSupplyChainCode>
				</BusinessDescription>
				<GlobalPartnerClassificationCode>Warehouser</GlobalPartnerClassificationCode>
			</PartnerDescription>
		</PartnerRoleDescription>
	</fromRole>
	<GlobalDocumentFunctionCode>Request</GlobalDocumentFunctionCode>
	<thisDocumentGenerationDateTime>
		<DateTimeStamp>20040122T073935.737Z</DateTimeStamp>
	</thisDocumentGenerationDateTime>
	<thisDocumentIdentifier>
		<ProprietaryDocumentIdentifier>20040122T073935.737Z</ProprietaryDocumentIdentifier>
	</thisDocumentIdentifier>
	<toRole>
		<PartnerRoleDescription>
			<ContactInformation>
				<contactName>
					<FreeFormText xml:lang="EN">John Doe Receiver</FreeFormText>
				</contactName>
				<EmailAddress>jdoereceiver@johndoe.com</EmailAddress>
				<facsimileNumber>
					<CommunicationsNumber>000.000.0002</CommunicationsNumber>
				</facsimileNumber>
				<telephoneNumber>
					<CommunicationsNumber>000.000.0002</CommunicationsNumber>
				</telephoneNumber>
			</ContactInformation>
			<GlobalPartnerRoleClassificationCode>Responder</GlobalPartnerRoleClassificationCode>
			<PartnerDescription>
				<BusinessDescription>
					<GlobalBusinessIdentifier>987654321</GlobalBusinessIdentifier>
					<GlobalSupplyChainCode>Information Technology</GlobalSupplyChainCode>
				</BusinessDescription>
				<GlobalPartnerClassificationCode>End User</GlobalPartnerClassificationCode>
			</PartnerDescription>
		</PartnerRoleDescription>
	</toRole>
</Pip0C1AsynchronousTestNotification>
