<?xml version="1.0" encoding="UTF-8" ?>
<!DOCTYPE Pip0C2AsynchronousTestRequest SYSTEM "0C2_MS_R01_02_AsynchronousTestRequest.dtd">
<Pip0C2AsynchronousTestRequest>
	<AsynchronousTest />
	<fromRole>
		<PartnerRoleDescription>
			<ContactInformation>
				<contactName>
					<FreeFormText>John Doe Initiator</FreeFormText>
				</contactName>
				<EmailAddress>jdoeinitiator@johndoe.com</EmailAddress>
				<facsimileNumber>
					<CommunicationsNumber>000.000.0000</CommunicationsNumber>
				</facsimileNumber>
				<telephoneNumber>
					<CommunicationsNumber>000.000.0000</CommunicationsNumber>
				</telephoneNumber>
			</ContactInformation>
			<GlobalPartnerRoleClassificationCode>Initiator</GlobalPartnerRoleClassificationCode>
			<PartnerDescription>
				<BusinessDescription>
					<GlobalBusinessIdentifier>123456789</GlobalBusinessIdentifier>
					<GlobalSupplyChainCode>Information Technology</GlobalSupplyChainCode>
				</BusinessDescription>
				<GlobalPartnerClassificationCode>End User</GlobalPartnerClassificationCode>
			</PartnerDescription>
		</PartnerRoleDescription>
	</fromRole>
	<GlobalDocumentFunctionCode>Request</GlobalDocumentFunctionCode>
	<thisDocumentGenerationDateTime>
		<DateTimeStamp>20040204T002007.943Z</DateTimeStamp>
	</thisDocumentGenerationDateTime>
	<thisDocumentIdentifier>
		<ProprietaryDocumentIdentifier>20040204T002008.052Z</ProprietaryDocumentIdentifier>
	</thisDocumentIdentifier>
	<toRole>
		<PartnerRoleDescription>
			<ContactInformation>
				<contactName>
					<FreeFormText>John Doe Responder</FreeFormText>
				</contactName>
				<EmailAddress>jdoeresponder@johndoe.com</EmailAddress>
				<facsimileNumber>
					<CommunicationsNumber>000.000.0001</CommunicationsNumber>
				</facsimileNumber>
				<telephoneNumber>
					<CommunicationsNumber>000.000.0001</CommunicationsNumber>
				</telephoneNumber>
			</ContactInformation>
			<GlobalPartnerRoleClassificationCode>Responder</GlobalPartnerRoleClassificationCode>
			<PartnerDescription>
				<BusinessDescription>
					<GlobalBusinessIdentifier>987654321</GlobalBusinessIdentifier>
					<GlobalSupplyChainCode>Electronic Components</GlobalSupplyChainCode>
				</BusinessDescription>
				<GlobalPartnerClassificationCode>End User Government</GlobalPartnerClassificationCode>
			</PartnerDescription>
		</PartnerRoleDescription>
	</toRole>
</Pip0C2AsynchronousTestRequest>