<?xml version="1.0" encoding="UTF-8" ?>
<!DOCTYPE Pip2A12ProductMasterNotification SYSTEM "2A12_MS_V01_03_ProductMasterNotification.dtd">
<Pip2A12ProductMasterNotification>
	<fromRole>
		<PartnerRoleDescription>
			<ContactInformation>
				<contactName>
					<FreeFormText ns1:lang="en-US" xmlns:ns1="http://www.w3.org/XML/1998/namespace">FreeFormText_0</FreeFormText>
				</contactName>
				<EmailAddress>Em</EmailAddress>
				<facsimileNumber>
					<CommunicationsNumber>CommunicationsN</CommunicationsNumber>
				</facsimileNumber>
				<telephoneNumber>
					<CommunicationsNumber>CommunicationsN</CommunicationsNumber>
				</telephoneNumber>
			</ContactInformation>
			<GlobalPartnerRoleClassificationCode>Account Supplier</GlobalPartnerRoleClassificationCode>
			<PartnerDescription>
				<BusinessDescription>
					<GlobalBusinessIdentifier>123456789</GlobalBusinessIdentifier>
					<GlobalSupplyChainCode>Electronic Components</GlobalSupplyChainCode>
					<businessName>
						<FreeFormText ns1:lang="en-US" xmlns:ns1="http://www.w3.org/XML/1998/namespace">FreeFormText_0</FreeFormText>
					</businessName>
					<PartnerBusinessIdentification>
						<ProprietaryBusinessIdentifier>Pr</ProprietaryBusinessIdentifier>
						<ProprietaryDomainIdentifier>Pr</ProprietaryDomainIdentifier>
						<ProprietaryIdentifierAuthority>Pr</ProprietaryIdentifierAuthority>
					</PartnerBusinessIdentification>
					<PartnerBusinessIdentification>
						<ProprietaryBusinessIdentifier>Pr</ProprietaryBusinessIdentifier>
						<ProprietaryDomainIdentifier>Pr</ProprietaryDomainIdentifier>
						<ProprietaryIdentifierAuthority>Pr</ProprietaryIdentifierAuthority>
					</PartnerBusinessIdentification>
					<PartnerBusinessIdentification>
						<ProprietaryBusinessIdentifier>Pr</ProprietaryBusinessIdentifier>
						<ProprietaryDomainIdentifier>Pr</ProprietaryDomainIdentifier>
						<ProprietaryIdentifierAuthority>Pr</ProprietaryIdentifierAuthority>
					</PartnerBusinessIdentification>
				</BusinessDescription>
				<GlobalPartnerClassificationCode>Broker</GlobalPartnerClassificationCode>
			</PartnerDescription>
		</PartnerRoleDescription>
	</fromRole>
	<GlobalDocumentFunctionCode>Request</GlobalDocumentFunctionCode>
	<ProductMaster>
		<internalBusinessEntity>
			<PartnerDescription>
				<BusinessDescription>
					<GlobalBusinessIdentifier>123456789</GlobalBusinessIdentifier>
					<GlobalSupplyChainCode>Electronic Components</GlobalSupplyChainCode>
					<businessName>
						<FreeFormText ns1:lang="en-US" xmlns:ns1="http://www.w3.org/XML/1998/namespace">FreeFormText_0</FreeFormText>
					</businessName>
					<PartnerBusinessIdentification>
						<ProprietaryBusinessIdentifier>Pr</ProprietaryBusinessIdentifier>
						<ProprietaryDomainIdentifier>Pr</ProprietaryDomainIdentifier>
						<ProprietaryIdentifierAuthority>Pr</ProprietaryIdentifierAuthority>
					</PartnerBusinessIdentification>
					<PartnerBusinessIdentification>
						<ProprietaryBusinessIdentifier>Pr</ProprietaryBusinessIdentifier>
						<ProprietaryDomainIdentifier>Pr</ProprietaryDomainIdentifier>
						<ProprietaryIdentifierAuthority>Pr</ProprietaryIdentifierAuthority>
					</PartnerBusinessIdentification>
					<PartnerBusinessIdentification>
						<ProprietaryBusinessIdentifier>Pr</ProprietaryBusinessIdentifier>
						<ProprietaryDomainIdentifier>Pr</ProprietaryDomainIdentifier>
						<ProprietaryIdentifierAuthority>Pr</ProprietaryIdentifierAuthority>
					</PartnerBusinessIdentification>
				</BusinessDescription>
				<GlobalPartnerClassificationCode>Broker</GlobalPartnerClassificationCode>
			</PartnerDescription>
		</internalBusinessEntity>
		<internalBusinessEntity>
			<PartnerDescription>
				<BusinessDescription>
					<GlobalBusinessIdentifier>123456789</GlobalBusinessIdentifier>
					<GlobalSupplyChainCode>Electronic Components</GlobalSupplyChainCode>
					<businessName>
						<FreeFormText ns1:lang="en-US" xmlns:ns1="http://www.w3.org/XML/1998/namespace">FreeFormText_0</FreeFormText>
					</businessName>
					<PartnerBusinessIdentification>
						<ProprietaryBusinessIdentifier>Pr</ProprietaryBusinessIdentifier>
						<ProprietaryDomainIdentifier>Pr</ProprietaryDomainIdentifier>
						<ProprietaryIdentifierAuthority>Pr</ProprietaryIdentifierAuthority>
					</PartnerBusinessIdentification>
					<PartnerBusinessIdentification>
						<ProprietaryBusinessIdentifier>Pr</ProprietaryBusinessIdentifier>
						<ProprietaryDomainIdentifier>Pr</ProprietaryDomainIdentifier>
						<ProprietaryIdentifierAuthority>Pr</ProprietaryIdentifierAuthority>
					</PartnerBusinessIdentification>
					<PartnerBusinessIdentification>
						<ProprietaryBusinessIdentifier>Pr</ProprietaryBusinessIdentifier>
						<ProprietaryDomainIdentifier>Pr</ProprietaryDomainIdentifier>
						<ProprietaryIdentifierAuthority>Pr</ProprietaryIdentifierAuthority>
					</PartnerBusinessIdentification>
				</BusinessDescription>
				<GlobalPartnerClassificationCode>Broker</GlobalPartnerClassificationCode>
			</PartnerDescription>
		</internalBusinessEntity>
		<internalBusinessEntity>
			<PartnerDescription>
				<BusinessDescription>
					<GlobalBusinessIdentifier>123456789</GlobalBusinessIdentifier>
					<GlobalSupplyChainCode>Electronic Components</GlobalSupplyChainCode>
					<businessName>
						<FreeFormText ns1:lang="en-US" xmlns:ns1="http://www.w3.org/XML/1998/namespace">FreeFormText_0</FreeFormText>
					</businessName>
					<PartnerBusinessIdentification>
						<ProprietaryBusinessIdentifier>Pr</ProprietaryBusinessIdentifier>
						<ProprietaryDomainIdentifier>Pr</ProprietaryDomainIdentifier>
						<ProprietaryIdentifierAuthority>Pr</ProprietaryIdentifierAuthority>
					</PartnerBusinessIdentification>
					<PartnerBusinessIdentification>
						<ProprietaryBusinessIdentifier>Pr</ProprietaryBusinessIdentifier>
						<ProprietaryDomainIdentifier>Pr</ProprietaryDomainIdentifier>
						<ProprietaryIdentifierAuthority>Pr</ProprietaryIdentifierAuthority>
					</PartnerBusinessIdentification>
					<PartnerBusinessIdentification>
						<ProprietaryBusinessIdentifier>Pr</ProprietaryBusinessIdentifier>
						<ProprietaryDomainIdentifier>Pr</ProprietaryDomainIdentifier>
						<ProprietaryIdentifierAuthority>Pr</ProprietaryIdentifierAuthority>
					</PartnerBusinessIdentification>
				</BusinessDescription>
				<GlobalPartnerClassificationCode>Broker</GlobalPartnerClassificationCode>
			</PartnerDescription>
		</internalBusinessEntity>
		<ProductMasterLineItem>
			<GlobalProductUnitOfMeasureCode>10 Kilogram Drum</GlobalProductUnitOfMeasureCode>
			<PartnerContact>
				<ContactInformation>
					<contactName>
						<FreeFormText ns1:lang="en-US" xmlns:ns1="http://www.w3.org/XML/1998/namespace">FreeFormText_0</FreeFormText>
					</contactName>
					<EmailAddress>Em</EmailAddress>
					<facsimileNumber>
						<CommunicationsNumber>CommunicationsN</CommunicationsNumber>
					</facsimileNumber>
					<telephoneNumber>
						<CommunicationsNumber>CommunicationsN</CommunicationsNumber>
					</telephoneNumber>
				</ContactInformation>
				<ProprietaryContactRoleIdentifier>Pr</ProprietaryContactRoleIdentifier>
			</PartnerContact>
			<PartnerContact>
				<ContactInformation>
					<contactName>
						<FreeFormText ns1:lang="en-US" xmlns:ns1="http://www.w3.org/XML/1998/namespace">FreeFormText_0</FreeFormText>
					</contactName>
					<EmailAddress>Em</EmailAddress>
					<facsimileNumber>
						<CommunicationsNumber>CommunicationsN</CommunicationsNumber>
					</facsimileNumber>
					<telephoneNumber>
						<CommunicationsNumber>CommunicationsN</CommunicationsNumber>
					</telephoneNumber>
				</ContactInformation>
				<ProprietaryContactRoleIdentifier>Pr</ProprietaryContactRoleIdentifier>
			</PartnerContact>
			<PartnerContact>
				<ContactInformation>
					<contactName>
						<FreeFormText ns1:lang="en-US" xmlns:ns1="http://www.w3.org/XML/1998/namespace">FreeFormText_0</FreeFormText>
					</contactName>
					<EmailAddress>Em</EmailAddress>
					<facsimileNumber>
						<CommunicationsNumber>CommunicationsN</CommunicationsNumber>
					</facsimileNumber>
					<telephoneNumber>
						<CommunicationsNumber>CommunicationsN</CommunicationsNumber>
					</telephoneNumber>
				</ContactInformation>
				<ProprietaryContactRoleIdentifier>Pr</ProprietaryContactRoleIdentifier>
			</PartnerContact>
			<ProductAttributeInformation>
				<GlobalAssemblyLevelCode>Component</GlobalAssemblyLevelCode>
				<GlobalProductClassificationCode>Gl</GlobalProductClassificationCode>
				<ProductIdentificationInformation>
					<GlobalProductIdentifier>00000000000000</GlobalProductIdentifier>
					<PartnerProductFamilyIdentification>
						<GlobalPartnerClassificationCode>Broker</GlobalPartnerClassificationCode>
						<ProprietaryProductIdentifier>Pr</ProprietaryProductIdentifier>
						<revisionIdentifier>
							<FreeFormText ns1:lang="en-US" xmlns:ns1="http://www.w3.org/XML/1998/namespace">FreeFormText_0</FreeFormText>
						</revisionIdentifier>
					</PartnerProductFamilyIdentification>
					<PartnerProductFamilyIdentification>
						<GlobalPartnerClassificationCode>Broker</GlobalPartnerClassificationCode>
						<ProprietaryProductIdentifier>Pr</ProprietaryProductIdentifier>
						<revisionIdentifier>
							<FreeFormText ns1:lang="en-US" xmlns:ns1="http://www.w3.org/XML/1998/namespace">FreeFormText_0</FreeFormText>
						</revisionIdentifier>
					</PartnerProductFamilyIdentification>
					<PartnerProductFamilyIdentification>
						<GlobalPartnerClassificationCode>Broker</GlobalPartnerClassificationCode>
						<ProprietaryProductIdentifier>Pr</ProprietaryProductIdentifier>
						<revisionIdentifier>
							<FreeFormText ns1:lang="en-US" xmlns:ns1="http://www.w3.org/XML/1998/namespace">FreeFormText_0</FreeFormText>
						</revisionIdentifier>
					</PartnerProductFamilyIdentification>
					<PartnerProductIdentification>
						<GlobalPartnerClassificationCode>Broker</GlobalPartnerClassificationCode>
						<ProprietaryProductIdentifier>Pr</ProprietaryProductIdentifier>
						<revisionIdentifier>
							<FreeFormText ns1:lang="en-US" xmlns:ns1="http://www.w3.org/XML/1998/namespace">FreeFormText_0</FreeFormText>
						</revisionIdentifier>
					</PartnerProductIdentification>
					<PartnerProductIdentification>
						<GlobalPartnerClassificationCode>Broker</GlobalPartnerClassificationCode>
						<ProprietaryProductIdentifier>Pr</ProprietaryProductIdentifier>
						<revisionIdentifier>
							<FreeFormText ns1:lang="en-US" xmlns:ns1="http://www.w3.org/XML/1998/namespace">FreeFormText_0</FreeFormText>
						</revisionIdentifier>
					</PartnerProductIdentification>
					<PartnerProductIdentification>
						<GlobalPartnerClassificationCode>Broker</GlobalPartnerClassificationCode>
						<ProprietaryProductIdentifier>Pr</ProprietaryProductIdentifier>
						<revisionIdentifier>
							<FreeFormText ns1:lang="en-US" xmlns:ns1="http://www.w3.org/XML/1998/namespace">FreeFormText_0</FreeFormText>
						</revisionIdentifier>
					</PartnerProductIdentification>
				</ProductIdentificationInformation>
				<ProprietaryCommodityIdentifier>Pr</ProprietaryCommodityIdentifier>
				<TextualDescription>
					<detail>
						<FreeFormText ns1:lang="en-US" xmlns:ns1="http://www.w3.org/XML/1998/namespace">FreeFormText_0</FreeFormText>
					</detail>
					<primary>
						<FreeFormText ns1:lang="en-US" xmlns:ns1="http://www.w3.org/XML/1998/namespace">FreeFormText_0</FreeFormText>
					</primary>
					<summary>
						<FreeFormText ns1:lang="en-US" xmlns:ns1="http://www.w3.org/XML/1998/namespace">FreeFormText_0</FreeFormText>
					</summary>
				</TextualDescription>
			</ProductAttributeInformation>
			<ProductDistributionInformation>
				<isAvailableToShip>
					<AffirmationIndicator>Af</AffirmationIndicator>
				</isAvailableToShip>
				<isWaiverRequiredToShip>
					<AffirmationIndicator>Af</AffirmationIndicator>
				</isWaiverRequiredToShip>
				<safetyStockQuantity>
					<ProductQuantity>0</ProductQuantity>
				</safetyStockQuantity>
				<shippingAvailabilityDate>
					<DatePeriod>
						<beginDate>
							<DateStamp>DateStamp</DateStamp>
						</beginDate>
						<endDate>
							<DateStamp>DateStamp</DateStamp>
						</endDate>
					</DatePeriod>
				</shippingAvailabilityDate>
			</ProductDistributionInformation>
			<ProductLifecycleInformation>
				<discontinuationDate>
					<DateStamp>DateStamp</DateStamp>
				</discontinuationDate>
				<GlobalProductLifeCycleStatusCode>Active</GlobalProductLifeCycleStatusCode>
				<manufactureDate>
					<DatePeriod>
						<beginDate>
							<DateStamp>DateStamp</DateStamp>
						</beginDate>
						<endDate>
							<DateStamp>DateStamp</DateStamp>
						</endDate>
					</DatePeriod>
				</manufactureDate>
				<releasedDate>
					<DateStamp>DateStamp</DateStamp>
				</releasedDate>
			</ProductLifecycleInformation>
			<ProductProcurementInformation>
				<ChangeOrderWindow>
					<cancelOrderWindow>
						<TimeDuration>TimeDurati</TimeDuration>
					</cancelOrderWindow>
					<changeOrderWindow>
						<TimeDuration>TimeDurati</TimeDuration>
					</changeOrderWindow>
				</ChangeOrderWindow>
				<GlobalABCCode>A</GlobalABCCode>
				<GlobalProductProcurementTypeCode>Allocation</GlobalProductProcurementTypeCode>
				<GlobalProductProcurementTypeCode>Allocation</GlobalProductProcurementTypeCode>
				<GlobalProductProcurementTypeCode>Allocation</GlobalProductProcurementTypeCode>
				<isAvailableToOrder>
					<AffirmationIndicator>Af</AffirmationIndicator>
				</isAvailableToOrder>
				<isOnAllocation>
					<AffirmationIndicator>Af</AffirmationIndicator>
				</isOnAllocation>
				<isWaiverRequiredToOrder>
					<AffirmationIndicator>Af</AffirmationIndicator>
				</isWaiverRequiredToOrder>
				<orderingAvailabilityDate>
					<DatePeriod>
						<beginDate>
							<DateStamp>DateStamp</DateStamp>
						</beginDate>
						<endDate>
							<DateStamp>DateStamp</DateStamp>
						</endDate>
					</DatePeriod>
				</orderingAvailabilityDate>
				<orderPolicyDays>
					<CountableAmount>0</CountableAmount>
				</orderPolicyDays>
				<OrderQuantity>
					<minimumOrderQuantity>
						<ProductQuantity>0</ProductQuantity>
					</minimumOrderQuantity>
					<multipleOrderQuantity>
						<ProductQuantity>0</ProductQuantity>
					</multipleOrderQuantity>
					<sampleOrderQuantity>
						<ProductQuantity>0</ProductQuantity>
					</sampleOrderQuantity>
				</OrderQuantity>
				<ProductLeadTime>
					<GlobalIntervalCode>1st week of the month</GlobalIntervalCode>
					<GlobalLeadTimeClassificationCode>End of life</GlobalLeadTimeClassificationCode>
					<PeriodNumber>Pe</PeriodNumber>
				</ProductLeadTime>
				<ProductLeadTime>
					<GlobalIntervalCode>1st week of the month</GlobalIntervalCode>
					<GlobalLeadTimeClassificationCode>End of life</GlobalLeadTimeClassificationCode>
					<PeriodNumber>Pe</PeriodNumber>
				</ProductLeadTime>
				<ProductLeadTime>
					<GlobalIntervalCode>1st week of the month</GlobalIntervalCode>
					<GlobalLeadTimeClassificationCode>End of life</GlobalLeadTimeClassificationCode>
					<PeriodNumber>Pe</PeriodNumber>
				</ProductLeadTime>
				<scrapPercent>
					<PercentAmount>16</PercentAmount>
				</scrapPercent>
			</ProductProcurementInformation>
		</ProductMasterLineItem>
	</ProductMaster>
	<thisDocumentGenerationDateTime>
		<DateTimeStamp>DateTimeStampDat</DateTimeStamp>
	</thisDocumentGenerationDateTime>
	<thisDocumentIdentifier>
		<ProprietaryDocumentIdentifier>Pr</ProprietaryDocumentIdentifier>
	</thisDocumentIdentifier>
	<toRole>
		<PartnerRoleDescription>
			<ContactInformation>
				<contactName>
					<FreeFormText ns1:lang="en-US" xmlns:ns1="http://www.w3.org/XML/1998/namespace">FreeFormText_0</FreeFormText>
				</contactName>
				<EmailAddress>Em</EmailAddress>
				<facsimileNumber>
					<CommunicationsNumber>CommunicationsN</CommunicationsNumber>
				</facsimileNumber>
				<telephoneNumber>
					<CommunicationsNumber>CommunicationsN</CommunicationsNumber>
				</telephoneNumber>
			</ContactInformation>
			<GlobalPartnerRoleClassificationCode>Account Supplier</GlobalPartnerRoleClassificationCode>
			<PartnerDescription>
				<BusinessDescription>
					<GlobalBusinessIdentifier>123456789</GlobalBusinessIdentifier>
					<GlobalSupplyChainCode>Electronic Components</GlobalSupplyChainCode>
					<businessName>
						<FreeFormText ns1:lang="en-US" xmlns:ns1="http://www.w3.org/XML/1998/namespace">FreeFormText_0</FreeFormText>
					</businessName>
					<PartnerBusinessIdentification>
						<ProprietaryBusinessIdentifier>Pr</ProprietaryBusinessIdentifier>
						<ProprietaryDomainIdentifier>Pr</ProprietaryDomainIdentifier>
						<ProprietaryIdentifierAuthority>Pr</ProprietaryIdentifierAuthority>
					</PartnerBusinessIdentification>
					<PartnerBusinessIdentification>
						<ProprietaryBusinessIdentifier>Pr</ProprietaryBusinessIdentifier>
						<ProprietaryDomainIdentifier>Pr</ProprietaryDomainIdentifier>
						<ProprietaryIdentifierAuthority>Pr</ProprietaryIdentifierAuthority>
					</PartnerBusinessIdentification>
					<PartnerBusinessIdentification>
						<ProprietaryBusinessIdentifier>Pr</ProprietaryBusinessIdentifier>
						<ProprietaryDomainIdentifier>Pr</ProprietaryDomainIdentifier>
						<ProprietaryIdentifierAuthority>Pr</ProprietaryIdentifierAuthority>
					</PartnerBusinessIdentification>
				</BusinessDescription>
				<GlobalPartnerClassificationCode>Broker</GlobalPartnerClassificationCode>
			</PartnerDescription>
		</PartnerRoleDescription>
	</toRole>
</Pip2A12ProductMasterNotification>