<?xml version="1.0" encoding="UTF-8" ?>
<!DOCTYPE Pip3A4PurchaseOrderRequest SYSTEM "3A4_MS_V02_02_PurchaseOrderRequest.dtd">
<Pip3A4PurchaseOrderRequest>
	<fromRole>
		<PartnerRoleDescription>
			<ContactInformation>
				<contactName>
					<FreeFormText>text</FreeFormText>
				</contactName>
				<EmailAddress>jdoe@doe.com</EmailAddress>
				<facsimileNumber>
					<CommunicationsNumber>000.000.0000</CommunicationsNumber>
				</facsimileNumber>
				<telephoneNumber>
					<CommunicationsNumber>000.000.0000</CommunicationsNumber>
				</telephoneNumber>
			</ContactInformation>
			<GlobalPartnerRoleClassificationCode>Buyer</GlobalPartnerRoleClassificationCode>
			<PartnerDescription>
				<BusinessDescription>
					<GlobalBusinessIdentifier>123456789</GlobalBusinessIdentifier>
					<GlobalSupplyChainCode>Electronic Components</GlobalSupplyChainCode>
				</BusinessDescription>
				<GlobalPartnerClassificationCode>Broker</GlobalPartnerClassificationCode>
			</PartnerDescription>
		</PartnerRoleDescription>
	</fromRole>
	<GlobalDocumentFunctionCode>Request</GlobalDocumentFunctionCode>
	<PurchaseOrder>
		<AccountDescription>
			<accountName>
				<FreeFormText>text</FreeFormText>
			</accountName>
			<AccountNumber>0000001</AccountNumber>
			<billTo>
				<PartnerDescription>
					<BusinessDescription>
						<GlobalBusinessIdentifier>987654321</GlobalBusinessIdentifier>
						<businessName>
							<FreeFormText>text</FreeFormText>
						</businessName>
						<PartnerBusinessIdentification>
							<ProprietaryBusinessIdentifier>pBusinessIdentifier</ProprietaryBusinessIdentifier>
							<ProprietaryDomainIdentifier>pDomainID</ProprietaryDomainIdentifier>
							<ProprietaryIdentifierAuthority>pIDAuthority</ProprietaryIdentifierAuthority>
						</PartnerBusinessIdentification>
					</BusinessDescription>
					<GlobalPartnerClassificationCode>Broker</GlobalPartnerClassificationCode>
					<ContactInformation>
						<contactName>
							<FreeFormText>text</FreeFormText>
						</contactName>
						<EmailAddress>jdoe@doe.com</EmailAddress>
						<facsimileNumber>
							<CommunicationsNumber>000.000.0000</CommunicationsNumber>
						</facsimileNumber>
						<telephoneNumber>
							<CommunicationsNumber>000.000.0000</CommunicationsNumber>
						</telephoneNumber>
						<PhysicalLocation>
							<GlobalLocationIdentifier>9876543210000</GlobalLocationIdentifier>
							<PartnerLocationIdentification>
								<ProprietaryDomainIdentifier>pDomainID</ProprietaryDomainIdentifier>
								<ProprietaryIdentifierAuthority>pIDAuthority</ProprietaryIdentifierAuthority>
								<ProprietaryLocationIdentifier>pLocationID</ProprietaryLocationIdentifier>
							</PartnerLocationIdentification>
							<PhysicalAddress>
								<addressLine1>
									<FreeFormText>text</FreeFormText>
								</addressLine1>
								<addressLine2>
									<FreeFormText>text</FreeFormText>
								</addressLine2>
								<addressLine3>
									<FreeFormText>text</FreeFormText>
								</addressLine3>
								<cityName>
									<FreeFormText>text</FreeFormText>
								</cityName>
								<GlobalCountryCode>AD</GlobalCountryCode>
								<NationalPostalCode>00000</NationalPostalCode>
								<postOfficeBoxIdentifier>
									<FreeFormText>text</FreeFormText>
								</postOfficeBoxIdentifier>
								<regionName>
									<FreeFormText>text</FreeFormText>
								</regionName>
							</PhysicalAddress>
						</PhysicalLocation>
					</ContactInformation>
				</PartnerDescription>
			</billTo>
			<CreditCard>
				<cardHolderName>
					<FreeFormText>text</FreeFormText>
				</cardHolderName>
				<creditCardIdentifier>
					<ProprietaryReferenceIdentifier>pReferenceID</ProprietaryReferenceIdentifier>
				</creditCardIdentifier>
				<expiryDate>
					<DateStamp>20020311Z</DateStamp>
				</expiryDate>
				<GlobalCreditCardClassificationCode>American Express</GlobalCreditCardClassificationCode>
				<ProprietaryCIDIdentifier>pCIDID</ProprietaryCIDIdentifier>
			</CreditCard>
			<financedBy>
				<PartnerDescription>
					<BusinessDescription>
						<GlobalBusinessIdentifier>987654321</GlobalBusinessIdentifier>
						<businessName>
							<FreeFormText>text</FreeFormText>
						</businessName>
						<PartnerBusinessIdentification>
							<ProprietaryBusinessIdentifier>pBusinessIdentifier</ProprietaryBusinessIdentifier>
							<ProprietaryDomainIdentifier>pDomainID</ProprietaryDomainIdentifier>
							<ProprietaryIdentifierAuthority>pIDAuthority</ProprietaryIdentifierAuthority>
						</PartnerBusinessIdentification>
					</BusinessDescription>
					<GlobalPartnerClassificationCode>Broker</GlobalPartnerClassificationCode>
					<PhysicalLocation>
						<GlobalLocationIdentifier>9876543210000</GlobalLocationIdentifier>
						<PartnerLocationIdentification>
							<ProprietaryDomainIdentifier>pDomainID</ProprietaryDomainIdentifier>
							<ProprietaryIdentifierAuthority>pIDAuthority</ProprietaryIdentifierAuthority>
							<ProprietaryLocationIdentifier>pLocationID</ProprietaryLocationIdentifier>
						</PartnerLocationIdentification>
						<PhysicalAddress>
							<addressLine1>
								<FreeFormText>text</FreeFormText>
							</addressLine1>
							<addressLine2>
								<FreeFormText>text</FreeFormText>
							</addressLine2>
							<addressLine3>
								<FreeFormText>text</FreeFormText>
							</addressLine3>
							<cityName>
								<FreeFormText>text</FreeFormText>
							</cityName>
							<GlobalCountryCode>AD</GlobalCountryCode>
							<NationalPostalCode>00000</NationalPostalCode>
							<postOfficeBoxIdentifier>
								<FreeFormText>text</FreeFormText>
							</postOfficeBoxIdentifier>
							<regionName>
								<FreeFormText>text</FreeFormText>
							</regionName>
						</PhysicalAddress>
					</PhysicalLocation>
				</PartnerDescription>
			</financedBy>
			<GlobalAccountClassificationCode>Checking</GlobalAccountClassificationCode>
			<prePaymentCheckNumber>
				<CheckNumber>005</CheckNumber>
			</prePaymentCheckNumber>
			<WireTransferIdentifier>wTransferID</WireTransferIdentifier>
		</AccountDescription>
		<comments>
			<FreeFormText>text</FreeFormText>
		</comments>
		<ContractInformation>
			<contractIdentifier>
				<ProprietaryDocumentIdentifier>pDocumentID</ProprietaryDocumentIdentifier>
			</contractIdentifier>
			<primaryContractWith>
				<PartnerDescription>
					<BusinessDescription>
						<GlobalBusinessIdentifier>987654321</GlobalBusinessIdentifier>
						<PartnerBusinessIdentification>
							<ProprietaryBusinessIdentifier>pBusinessIdentifier</ProprietaryBusinessIdentifier>
							<ProprietaryDomainIdentifier>pDomainID</ProprietaryDomainIdentifier>
							<ProprietaryIdentifierAuthority>pIDAuthority</ProprietaryIdentifierAuthority>
						</PartnerBusinessIdentification>
					</BusinessDescription>
					<GlobalPartnerClassificationCode>Broker</GlobalPartnerClassificationCode>
				</PartnerDescription>
			</primaryContractWith>
			<secondaryContractWith>
				<PartnerDescription>
					<BusinessDescription>
						<GlobalBusinessIdentifier>987654321</GlobalBusinessIdentifier>
						<PartnerBusinessIdentification>
							<ProprietaryBusinessIdentifier>pBusinessIdentifier</ProprietaryBusinessIdentifier>
							<ProprietaryDomainIdentifier>pDomainID</ProprietaryDomainIdentifier>
							<ProprietaryIdentifierAuthority>pIDAuthority</ProprietaryIdentifierAuthority>
						</PartnerBusinessIdentification>
					</BusinessDescription>
					<GlobalPartnerClassificationCode>Broker</GlobalPartnerClassificationCode>
				</PartnerDescription>
			</secondaryContractWith>
		</ContractInformation>
		<DocumentReference>
			<DateTimeStamp>20020311T080030.005Z</DateTimeStamp>
			<GlobalDocumentReferenceTypeCode>ASP Claim</GlobalDocumentReferenceTypeCode>
			<GlobalPartnerRoleClassificationCode>Account Supplier</GlobalPartnerRoleClassificationCode>
			<LineNumber>1</LineNumber>
			<ProprietaryDocumentIdentifier>pDocumentID</ProprietaryDocumentIdentifier>
			<RevisionNumber>rNumber</RevisionNumber>
		</DocumentReference>
		<FinancingTerms>
			<GlobalFinanceTermsCode>Bank transfer</GlobalFinanceTermsCode>
			<PaymentTerms>
				<Discounts>
					<discountDay>
						<DayOfMonth>28</DayOfMonth>
					</discountDay>
					<discountDays>
						<CountableAmount>10</CountableAmount>
					</discountDays>
					<discountPercent>
						<PercentAmount>100</PercentAmount>
					</discountPercent>
				</Discounts>
				<GlobalPaymentConditionCode>Acceptance</GlobalPaymentConditionCode>
				<netTermsDay>
					<DayOfMonth>28</DayOfMonth>
				</netTermsDay>
				<netTermsDays>
					<CountableAmount>10</CountableAmount>
				</netTermsDays>
				<percentDue>
					<PercentAmount>100</PercentAmount>
				</percentDue>
			</PaymentTerms>
		</FinancingTerms>
		<generalServicesAdministrationNumber>
			<ProprietaryDocumentIdentifier>pDocumentID</ProprietaryDocumentIdentifier>
		</generalServicesAdministrationNumber>
		<GlobalGovernmentPriorityRatingCode>Atomic energy</GlobalGovernmentPriorityRatingCode>
		<GlobalPurchaseOrderFillPriorityCode>High</GlobalPurchaseOrderFillPriorityCode>
		<GlobalPurchaseOrderTypeCode>Blanket</GlobalPurchaseOrderTypeCode>
		<governmentContractIdentifier>
			<ProprietaryDocumentIdentifier>pDocumentID</ProprietaryDocumentIdentifier>
		</governmentContractIdentifier>
		<installAt>
			<PartnerDescription>
				<BusinessDescription>
					<GlobalBusinessIdentifier>987654321</GlobalBusinessIdentifier>
					<businessName>
						<FreeFormText>text</FreeFormText>
					</businessName>
					<PartnerBusinessIdentification>
						<ProprietaryBusinessIdentifier>pBusinessIdentifier</ProprietaryBusinessIdentifier>
						<ProprietaryDomainIdentifier>pDomainID</ProprietaryDomainIdentifier>
						<ProprietaryIdentifierAuthority>pIDAuthority</ProprietaryIdentifierAuthority>
					</PartnerBusinessIdentification>
				</BusinessDescription>
				<GlobalPartnerClassificationCode>Broker</GlobalPartnerClassificationCode>
				<ContactInformation>
					<contactName>
						<FreeFormText>text</FreeFormText>
					</contactName>
					<EmailAddress>jdoe@doe.com</EmailAddress>
					<facsimileNumber>
						<CommunicationsNumber>000.000.0000</CommunicationsNumber>
					</facsimileNumber>
					<telephoneNumber>
						<CommunicationsNumber>000.000.0000</CommunicationsNumber>
					</telephoneNumber>
				</ContactInformation>
				<PhysicalLocation>
					<GlobalLocationIdentifier>9876543210000</GlobalLocationIdentifier>
					<PartnerLocationIdentification>
						<ProprietaryDomainIdentifier>pDomainID</ProprietaryDomainIdentifier>
						<ProprietaryIdentifierAuthority>pIDAuthority</ProprietaryIdentifierAuthority>
						<ProprietaryLocationIdentifier>pLocationID</ProprietaryLocationIdentifier>
					</PartnerLocationIdentification>
					<PhysicalAddress>
						<addressLine1>
							<FreeFormText>text</FreeFormText>
						</addressLine1>
						<addressLine2>
							<FreeFormText>text</FreeFormText>
						</addressLine2>
						<addressLine3>
							<FreeFormText>text</FreeFormText>
						</addressLine3>
						<cityName>
							<FreeFormText>text</FreeFormText>
						</cityName>
						<GlobalCountryCode>AD</GlobalCountryCode>
						<NationalPostalCode>00000</NationalPostalCode>
						<postOfficeBoxIdentifier>
							<FreeFormText>text</FreeFormText>
						</postOfficeBoxIdentifier>
						<regionName>
							<FreeFormText>text</FreeFormText>
						</regionName>
					</PhysicalAddress>
				</PhysicalLocation>
			</PartnerDescription>
		</installAt>
		<isDropShip>
			<AffirmationIndicator>no</AffirmationIndicator>
		</isDropShip>
		<OrderShippingInformation>
			<CarrierInformation>
				<accountIdentifier>
					<ProprietaryReferenceIdentifier>pReferenceID</ProprietaryReferenceIdentifier>
				</accountIdentifier>
				<GlobalCarrierCode>SCAC codes to be used.</GlobalCarrierCode>
			</CarrierInformation>
			<GlobalFreeOnBoardCode>Destination</GlobalFreeOnBoardCode>
			<GlobalShipmentTermsCode>Advance collect</GlobalShipmentTermsCode>
			<GlobalShippingServiceLevelCode>1BD</GlobalShippingServiceLevelCode>
			<GlobalSpecialFulfillmentRequestCode>Add quantity to make minimum weight requirement</GlobalSpecialFulfillmentRequestCode>
			<packListRequirements>
				<FreeFormText>text</FreeFormText>
			</packListRequirements>
			<SpecialHandlingInstruction>
				<GlobalSpecialHandlingCode>15 Minute Window</GlobalSpecialHandlingCode>
				<specialHandlingText>
					<FreeFormText>text</FreeFormText>
				</specialHandlingText>
			</SpecialHandlingInstruction>
		</OrderShippingInformation>
		<ProductLineItem>
			<comments>
				<FreeFormText>text</FreeFormText>
			</comments>
			<ContractInformation>
				<contractIdentifier>
					<ProprietaryDocumentIdentifier>pDocumentID</ProprietaryDocumentIdentifier>
				</contractIdentifier>
				<primaryContractWith>
					<PartnerDescription>
						<BusinessDescription>
							<GlobalBusinessIdentifier>987654321</GlobalBusinessIdentifier>
							<PartnerBusinessIdentification>
								<ProprietaryBusinessIdentifier>pBusinessIdentifier</ProprietaryBusinessIdentifier>
								<ProprietaryDomainIdentifier>pDomainID</ProprietaryDomainIdentifier>
								<ProprietaryIdentifierAuthority>pIDAuthority</ProprietaryIdentifierAuthority>
							</PartnerBusinessIdentification>
						</BusinessDescription>
						<GlobalPartnerClassificationCode>Broker</GlobalPartnerClassificationCode>
					</PartnerDescription>
				</primaryContractWith>
				<secondaryContractWith>
					<PartnerDescription>
						<BusinessDescription>
							<GlobalBusinessIdentifier>987654321</GlobalBusinessIdentifier>
							<PartnerBusinessIdentification>
								<ProprietaryBusinessIdentifier>pBusinessIdentifier</ProprietaryBusinessIdentifier>
								<ProprietaryDomainIdentifier>pDomainID</ProprietaryDomainIdentifier>
								<ProprietaryIdentifierAuthority>pIDAuthority</ProprietaryIdentifierAuthority>
							</PartnerBusinessIdentification>
						</BusinessDescription>
						<GlobalPartnerClassificationCode>Broker</GlobalPartnerClassificationCode>
					</PartnerDescription>
				</secondaryContractWith>
			</ContractInformation>
			<countryOfOrigin>
				<GlobalCountryCode>AD</GlobalCountryCode>
			</countryOfOrigin>
			<CustomerInformation>
				<customerProjectIdentifier>
					<ProprietaryReferenceIdentifier>pReferenceID</ProprietaryReferenceIdentifier>
				</customerProjectIdentifier>
				<GlobalCustomerTypeCode>End Customer</GlobalCustomerTypeCode>
				<PartnerDescription>
					<BusinessDescription>
						<GlobalBusinessIdentifier>987654321</GlobalBusinessIdentifier>
						<businessName>
							<FreeFormText>text</FreeFormText>
						</businessName>
						<PartnerBusinessIdentification>
							<ProprietaryBusinessIdentifier>pBusinessIdentifier</ProprietaryBusinessIdentifier>
							<ProprietaryDomainIdentifier>pDomainID</ProprietaryDomainIdentifier>
							<ProprietaryIdentifierAuthority>pIDAuthority</ProprietaryIdentifierAuthority>
						</PartnerBusinessIdentification>
						<NationalBusinessTaxIdentifier>
							<BusinessTaxIdentifier>bTaxID</BusinessTaxIdentifier>
							<GlobalCountryCode>AD</GlobalCountryCode>
						</NationalBusinessTaxIdentifier>
					</BusinessDescription>
					<GlobalPartnerClassificationCode>Broker</GlobalPartnerClassificationCode>
					<PhysicalLocation>
						<GlobalLocationIdentifier>9876543210000</GlobalLocationIdentifier>
						<PartnerLocationIdentification>
							<ProprietaryDomainIdentifier>pDomainID</ProprietaryDomainIdentifier>
							<ProprietaryIdentifierAuthority>pIDAuthority</ProprietaryIdentifierAuthority>
							<ProprietaryLocationIdentifier>pLocationID</ProprietaryLocationIdentifier>
						</PartnerLocationIdentification>
						<PhysicalAddress>
							<addressLine1>
								<FreeFormText>text</FreeFormText>
							</addressLine1>
							<addressLine2>
								<FreeFormText>text</FreeFormText>
							</addressLine2>
							<addressLine3>
								<FreeFormText>text</FreeFormText>
							</addressLine3>
							<cityName>
								<FreeFormText>text</FreeFormText>
							</cityName>
							<GlobalCountryCode>AD</GlobalCountryCode>
							<NationalPostalCode>00000</NationalPostalCode>
							<postOfficeBoxIdentifier>
								<FreeFormText>text</FreeFormText>
							</postOfficeBoxIdentifier>
							<regionName>
								<FreeFormText>text</FreeFormText>
							</regionName>
						</PhysicalAddress>
					</PhysicalLocation>
				</PartnerDescription>
			</CustomerInformation>
			<DocumentReference>
				<DateTimeStamp>20020311T080030.005Z</DateTimeStamp>
				<GlobalDocumentReferenceTypeCode>ASP Claim</GlobalDocumentReferenceTypeCode>
				<GlobalPartnerRoleClassificationCode>Account Supplier</GlobalPartnerRoleClassificationCode>
				<LineNumber>1</LineNumber>
				<ProprietaryDocumentIdentifier>pDocumentID</ProprietaryDocumentIdentifier>
				<RevisionNumber>rNumber</RevisionNumber>
			</DocumentReference>
			<expediteReferenceIdentifier>
				<ProprietaryReferenceIdentifier>pReferenceID</ProprietaryReferenceIdentifier>
			</expediteReferenceIdentifier>
			<GlobalProductUnitOfMeasureCode>10 Kilogram Drum</GlobalProductUnitOfMeasureCode>
			<GlobalPurchaseOrderFillPriorityCode>High</GlobalPurchaseOrderFillPriorityCode>
			<installAt>
				<PartnerDescription>
					<BusinessDescription>
						<GlobalBusinessIdentifier>987654321</GlobalBusinessIdentifier>
						<businessName>
							<FreeFormText>text</FreeFormText>
						</businessName>
						<PartnerBusinessIdentification>
							<ProprietaryBusinessIdentifier>pBusinessIdentifier</ProprietaryBusinessIdentifier>
							<ProprietaryDomainIdentifier>pDomainID</ProprietaryDomainIdentifier>
							<ProprietaryIdentifierAuthority>pIDAuthority</ProprietaryIdentifierAuthority>
						</PartnerBusinessIdentification>
					</BusinessDescription>
					<GlobalPartnerClassificationCode>Broker</GlobalPartnerClassificationCode>
					<ContactInformation>
						<contactName>
							<FreeFormText>text</FreeFormText>
						</contactName>
						<EmailAddress>jdoe@doe.com</EmailAddress>
						<facsimileNumber>
							<CommunicationsNumber>000.000.0000</CommunicationsNumber>
						</facsimileNumber>
						<telephoneNumber>
							<CommunicationsNumber>000.000.0000</CommunicationsNumber>
						</telephoneNumber>
					</ContactInformation>
					<PhysicalLocation>
						<GlobalLocationIdentifier>9876543210000</GlobalLocationIdentifier>
						<PartnerLocationIdentification>
							<ProprietaryDomainIdentifier>pDomainID</ProprietaryDomainIdentifier>
							<ProprietaryIdentifierAuthority>pIDAuthority</ProprietaryIdentifierAuthority>
							<ProprietaryLocationIdentifier>pLocationID</ProprietaryLocationIdentifier>
						</PartnerLocationIdentification>
						<PhysicalAddress>
							<addressLine1>
								<FreeFormText>text</FreeFormText>
							</addressLine1>
							<addressLine2>
								<FreeFormText>text</FreeFormText>
							</addressLine2>
							<addressLine3>
								<FreeFormText>text</FreeFormText>
							</addressLine3>
							<cityName>
								<FreeFormText>text</FreeFormText>
							</cityName>
							<GlobalCountryCode>AD</GlobalCountryCode>
							<NationalPostalCode>00000</NationalPostalCode>
							<postOfficeBoxIdentifier>
								<FreeFormText>text</FreeFormText>
							</postOfficeBoxIdentifier>
							<regionName>
								<FreeFormText>text</FreeFormText>
							</regionName>
						</PhysicalAddress>
					</PhysicalLocation>
				</PartnerDescription>
			</installAt>
			<isDropShip>
				<AffirmationIndicator>no</AffirmationIndicator>
			</isDropShip>
			<LineNumber>1</LineNumber>
			<OrderQuantity>
				<requestedQuantity>
					<ProductQuantity>1</ProductQuantity>
				</requestedQuantity>
			</OrderQuantity>
			<OrderShippingInformation>
				<CarrierInformation>
					<accountIdentifier>
						<ProprietaryReferenceIdentifier>pReferenceID</ProprietaryReferenceIdentifier>
					</accountIdentifier>
					<GlobalCarrierCode>SCAC codes to be used.</GlobalCarrierCode>
				</CarrierInformation>
				<GlobalFreeOnBoardCode>Destination</GlobalFreeOnBoardCode>
				<GlobalShipmentTermsCode>Advance collect</GlobalShipmentTermsCode>
				<GlobalShippingServiceLevelCode>1BD</GlobalShippingServiceLevelCode>
				<GlobalSpecialFulfillmentRequestCode>Add quantity to make minimum weight requirement</GlobalSpecialFulfillmentRequestCode>
				<packListRequirements>
					<FreeFormText>text</FreeFormText>
				</packListRequirements>
				<SpecialHandlingInstruction>
					<GlobalSpecialHandlingCode>15 Minute Window</GlobalSpecialHandlingCode>
					<specialHandlingText>
						<FreeFormText>text</FreeFormText>
					</specialHandlingText>
				</SpecialHandlingInstruction>
			</OrderShippingInformation>
			<ProductIdentification>
				<GlobalProductIdentifier>12345678901234</GlobalProductIdentifier>
				<PartnerProductIdentification>
					<GlobalPartnerClassificationCode>Broker</GlobalPartnerClassificationCode>
					<ProprietaryProductIdentifier>pProductID</ProprietaryProductIdentifier>
					<revisionIdentifier>
						<FreeFormText>text</FreeFormText>
					</revisionIdentifier>
				</PartnerProductIdentification>
			</ProductIdentification>
			<ProductSubLineItem>
				<comments>
					<FreeFormText>text</FreeFormText>
				</comments>
				<ContractInformation>
					<contractIdentifier>
						<ProprietaryDocumentIdentifier>pDocumentID</ProprietaryDocumentIdentifier>
					</contractIdentifier>
					<primaryContractWith>
						<PartnerDescription>
							<BusinessDescription>
								<GlobalBusinessIdentifier>987654321</GlobalBusinessIdentifier>
								<PartnerBusinessIdentification>
									<ProprietaryBusinessIdentifier>pBusinessIdentifier</ProprietaryBusinessIdentifier>
									<ProprietaryDomainIdentifier>pDomainID</ProprietaryDomainIdentifier>
									<ProprietaryIdentifierAuthority>pIDAuthority</ProprietaryIdentifierAuthority>
								</PartnerBusinessIdentification>
							</BusinessDescription>
							<GlobalPartnerClassificationCode>Broker</GlobalPartnerClassificationCode>
						</PartnerDescription>
					</primaryContractWith>
					<secondaryContractWith>
						<PartnerDescription>
							<BusinessDescription>
								<GlobalBusinessIdentifier>987654321</GlobalBusinessIdentifier>
								<PartnerBusinessIdentification>
									<ProprietaryBusinessIdentifier>pBusinessIdentifier</ProprietaryBusinessIdentifier>
									<ProprietaryDomainIdentifier>pDomainID</ProprietaryDomainIdentifier>
									<ProprietaryIdentifierAuthority>pIDAuthority</ProprietaryIdentifierAuthority>
								</PartnerBusinessIdentification>
							</BusinessDescription>
							<GlobalPartnerClassificationCode>Broker</GlobalPartnerClassificationCode>
						</PartnerDescription>
					</secondaryContractWith>
				</ContractInformation>
				<countryOfOrigin>
					<GlobalCountryCode>AD</GlobalCountryCode>
				</countryOfOrigin>
				<CustomerInformation>
					<customerProjectIdentifier>
						<ProprietaryReferenceIdentifier>pReferenceID</ProprietaryReferenceIdentifier>
					</customerProjectIdentifier>
					<GlobalCustomerTypeCode>End Customer</GlobalCustomerTypeCode>
					<PartnerDescription>
						<BusinessDescription>
							<GlobalBusinessIdentifier>987654321</GlobalBusinessIdentifier>
							<businessName>
								<FreeFormText>text</FreeFormText>
							</businessName>
							<PartnerBusinessIdentification>
								<ProprietaryBusinessIdentifier>pBusinessIdentifier</ProprietaryBusinessIdentifier>
								<ProprietaryDomainIdentifier>pDomainID</ProprietaryDomainIdentifier>
								<ProprietaryIdentifierAuthority>pIDAuthority</ProprietaryIdentifierAuthority>
							</PartnerBusinessIdentification>
							<NationalBusinessTaxIdentifier>
								<BusinessTaxIdentifier>bTaxID</BusinessTaxIdentifier>
								<GlobalCountryCode>AD</GlobalCountryCode>
							</NationalBusinessTaxIdentifier>
						</BusinessDescription>
						<GlobalPartnerClassificationCode>Broker</GlobalPartnerClassificationCode>
						<PhysicalLocation>
							<GlobalLocationIdentifier>9876543210000</GlobalLocationIdentifier>
							<PartnerLocationIdentification>
								<ProprietaryDomainIdentifier>pDomainID</ProprietaryDomainIdentifier>
								<ProprietaryIdentifierAuthority>pIDAuthority</ProprietaryIdentifierAuthority>
								<ProprietaryLocationIdentifier>pLocationID</ProprietaryLocationIdentifier>
							</PartnerLocationIdentification>
							<PhysicalAddress>
								<addressLine1>
									<FreeFormText>text</FreeFormText>
								</addressLine1>
								<addressLine2>
									<FreeFormText>text</FreeFormText>
								</addressLine2>
								<addressLine3>
									<FreeFormText>text</FreeFormText>
								</addressLine3>
								<cityName>
									<FreeFormText>text</FreeFormText>
								</cityName>
								<GlobalCountryCode>AD</GlobalCountryCode>
								<NationalPostalCode>00000</NationalPostalCode>
								<postOfficeBoxIdentifier>
									<FreeFormText>text</FreeFormText>
								</postOfficeBoxIdentifier>
								<regionName>
									<FreeFormText>text</FreeFormText>
								</regionName>
							</PhysicalAddress>
						</PhysicalLocation>
					</PartnerDescription>
				</CustomerInformation>
				<expediteReferenceIdentifier>
					<ProprietaryReferenceIdentifier>pReferenceID</ProprietaryReferenceIdentifier>
				</expediteReferenceIdentifier>
				<GlobalProductUnitOfMeasureCode>10 Kilogram Drum</GlobalProductUnitOfMeasureCode>
				<GlobalPurchaseOrderFillPriorityCode>High</GlobalPurchaseOrderFillPriorityCode>
				<installAt>
					<PartnerDescription>
						<BusinessDescription>
							<GlobalBusinessIdentifier>987654321</GlobalBusinessIdentifier>
							<businessName>
								<FreeFormText>text</FreeFormText>
							</businessName>
							<PartnerBusinessIdentification>
								<ProprietaryBusinessIdentifier>pBusinessIdentifier</ProprietaryBusinessIdentifier>
								<ProprietaryDomainIdentifier>pDomainID</ProprietaryDomainIdentifier>
								<ProprietaryIdentifierAuthority>pIDAuthority</ProprietaryIdentifierAuthority>
							</PartnerBusinessIdentification>
						</BusinessDescription>
						<GlobalPartnerClassificationCode>Broker</GlobalPartnerClassificationCode>
						<ContactInformation>
							<contactName>
								<FreeFormText>text</FreeFormText>
							</contactName>
							<EmailAddress>jdoe@doe.com</EmailAddress>
							<facsimileNumber>
								<CommunicationsNumber>000.000.0000</CommunicationsNumber>
							</facsimileNumber>
							<telephoneNumber>
								<CommunicationsNumber>000.000.0000</CommunicationsNumber>
							</telephoneNumber>
						</ContactInformation>
					</PartnerDescription>
				</installAt>
				<isDropShip>
					<AffirmationIndicator>no</AffirmationIndicator>
				</isDropShip>
				<OrderQuantity>
					<requestedQuantity>
						<ProductQuantity>1</ProductQuantity>
					</requestedQuantity>
				</OrderQuantity>
				<OrderShippingInformation>
					<CarrierInformation>
						<accountIdentifier>
							<ProprietaryReferenceIdentifier>pReferenceID</ProprietaryReferenceIdentifier>
						</accountIdentifier>
						<GlobalCarrierCode>SCAC codes to be used.</GlobalCarrierCode>
					</CarrierInformation>
					<GlobalFreeOnBoardCode>Destination</GlobalFreeOnBoardCode>
					<GlobalShipmentTermsCode>Advance collect</GlobalShipmentTermsCode>
					<GlobalShippingServiceLevelCode>1BD</GlobalShippingServiceLevelCode>
					<GlobalSpecialFulfillmentRequestCode>Add quantity to make minimum weight requirement</GlobalSpecialFulfillmentRequestCode>
					<packListRequirements>
						<FreeFormText>text</FreeFormText>
					</packListRequirements>
					<SpecialHandlingInstruction>
						<GlobalSpecialHandlingCode>15 Minute Window</GlobalSpecialHandlingCode>
						<specialHandlingText>
							<FreeFormText>text</FreeFormText>
						</specialHandlingText>
					</SpecialHandlingInstruction>
				</OrderShippingInformation>
				<proprietaryInformation>
					<FreeFormText>text</FreeFormText>
				</proprietaryInformation>
				<requestedEvent>
					<TransportationEvent>
						<DateStamp>20020311Z</DateStamp>
						<GlobalTransportEventCode>Dock</GlobalTransportEventCode>
					</TransportationEvent>
				</requestedEvent>
				<requestedShipFrom>
					<PhysicalAddress>
						<GlobalLocationIdentifier>9876543210000</GlobalLocationIdentifier>
						<PartnerLocationIdentification>
							<ProprietaryDomainIdentifier>pDomainID</ProprietaryDomainIdentifier>
							<ProprietaryIdentifierAuthority>pIDAuthority</ProprietaryIdentifierAuthority>
							<ProprietaryLocationIdentifier>pLocationID</ProprietaryLocationIdentifier>
						</PartnerLocationIdentification>
					</PhysicalAddress>
				</requestedShipFrom>
				<requestedUnitPrice>
					<FinancialAmount>
						<GlobalCurrencyCode>ADP</GlobalCurrencyCode>
						<GlobalMonetaryAmountTypeCode>Credit</GlobalMonetaryAmountTypeCode>
						<InvoiceChargeTypeCode>Allowances and Charges</InvoiceChargeTypeCode>
						<MonetaryAmount>1.00</MonetaryAmount>
					</FinancialAmount>
				</requestedUnitPrice>
				<shipTo>
					<PartnerDescription>
						<BusinessDescription>
							<GlobalBusinessIdentifier>987654321</GlobalBusinessIdentifier>
							<businessName>
								<FreeFormText>text</FreeFormText>
							</businessName>
							<PartnerBusinessIdentification>
								<ProprietaryBusinessIdentifier>pBusinessIdentifier</ProprietaryBusinessIdentifier>
								<ProprietaryDomainIdentifier>pDomainID</ProprietaryDomainIdentifier>
								<ProprietaryIdentifierAuthority>pIDAuthority</ProprietaryIdentifierAuthority>
							</PartnerBusinessIdentification>
						</BusinessDescription>
						<GlobalPartnerClassificationCode>Broker</GlobalPartnerClassificationCode>
						<ContactInformation>
							<contactName>
								<FreeFormText>text</FreeFormText>
							</contactName>
							<EmailAddress>jdoe@doe.com</EmailAddress>
							<facsimileNumber>
								<CommunicationsNumber>000.000.0000</CommunicationsNumber>
							</facsimileNumber>
							<telephoneNumber>
								<CommunicationsNumber>000.000.0000</CommunicationsNumber>
							</telephoneNumber>
						</ContactInformation>
						<PhysicalLocation>
							<GlobalLocationIdentifier>9876543210000</GlobalLocationIdentifier>
							<PartnerLocationIdentification>
								<ProprietaryDomainIdentifier>pDomainID</ProprietaryDomainIdentifier>
								<ProprietaryIdentifierAuthority>pIDAuthority</ProprietaryIdentifierAuthority>
								<ProprietaryLocationIdentifier>pLocationID</ProprietaryLocationIdentifier>
							</PartnerLocationIdentification>
							<PhysicalAddress>
								<addressLine1>
									<FreeFormText>text</FreeFormText>
								</addressLine1>
								<addressLine2>
									<FreeFormText>text</FreeFormText>
								</addressLine2>
								<addressLine3>
									<FreeFormText>text</FreeFormText>
								</addressLine3>
								<cityName>
									<FreeFormText>text</FreeFormText>
								</cityName>
								<GlobalCountryCode>AD</GlobalCountryCode>
								<NationalPostalCode>00000</NationalPostalCode>
								<postOfficeBoxIdentifier>
									<FreeFormText>text</FreeFormText>
								</postOfficeBoxIdentifier>
								<regionName>
									<FreeFormText>text</FreeFormText>
								</regionName>
							</PhysicalAddress>
						</PhysicalLocation>
					</PartnerDescription>
				</shipTo>
				<subLineItem>
					<LineNumber>1</LineNumber>
				</subLineItem>
			</ProductSubLineItem>
			<proprietaryInformation>
				<FreeFormText>text</FreeFormText>
			</proprietaryInformation>
			<requestedEvent>
				<TransportationEvent>
					<DateStamp>20020311Z</DateStamp>
					<GlobalTransportEventCode>Dock</GlobalTransportEventCode>
				</TransportationEvent>
			</requestedEvent>
			<requestedShipFrom>
				<PhysicalAddress>
					<GlobalLocationIdentifier>9876543210000</GlobalLocationIdentifier>
					<PartnerLocationIdentification>
						<ProprietaryDomainIdentifier>pDomainID</ProprietaryDomainIdentifier>
						<ProprietaryIdentifierAuthority>pIDAuthority</ProprietaryIdentifierAuthority>
						<ProprietaryLocationIdentifier>pLocationID</ProprietaryLocationIdentifier>
					</PartnerLocationIdentification>
				</PhysicalAddress>
			</requestedShipFrom>
			<requestedUnitPrice>
				<FinancialAmount>
					<GlobalCurrencyCode>ADP</GlobalCurrencyCode>
					<GlobalMonetaryAmountTypeCode>Credit</GlobalMonetaryAmountTypeCode>
					<InvoiceChargeTypeCode>Allowances and Charges</InvoiceChargeTypeCode>
					<MonetaryAmount>1.00</MonetaryAmount>
				</FinancialAmount>
			</requestedUnitPrice>
			<shipTo>
				<PartnerDescription>
					<BusinessDescription>
						<GlobalBusinessIdentifier>987654321</GlobalBusinessIdentifier>
						<businessName>
							<FreeFormText>text</FreeFormText>
						</businessName>
						<PartnerBusinessIdentification>
							<ProprietaryBusinessIdentifier>pBusinessIdentifier</ProprietaryBusinessIdentifier>
							<ProprietaryDomainIdentifier>pDomainID</ProprietaryDomainIdentifier>
							<ProprietaryIdentifierAuthority>pIDAuthority</ProprietaryIdentifierAuthority>
						</PartnerBusinessIdentification>
					</BusinessDescription>
					<GlobalPartnerClassificationCode>Broker</GlobalPartnerClassificationCode>
					<ContactInformation>
						<contactName>
							<FreeFormText>text</FreeFormText>
						</contactName>
						<EmailAddress>jdoe@doe.com</EmailAddress>
						<facsimileNumber>
							<CommunicationsNumber>000.000.0000</CommunicationsNumber>
						</facsimileNumber>
						<telephoneNumber>
							<CommunicationsNumber>000.000.0000</CommunicationsNumber>
						</telephoneNumber>
					</ContactInformation>
					<PhysicalLocation>
						<GlobalLocationIdentifier>9876543210000</GlobalLocationIdentifier>
						<PartnerLocationIdentification>
							<ProprietaryDomainIdentifier>pDomainID</ProprietaryDomainIdentifier>
							<ProprietaryIdentifierAuthority>pIDAuthority</ProprietaryIdentifierAuthority>
							<ProprietaryLocationIdentifier>pLocationID</ProprietaryLocationIdentifier>
						</PartnerLocationIdentification>
						<PhysicalAddress>
							<addressLine1>
								<FreeFormText>text</FreeFormText>
							</addressLine1>
							<addressLine2>
								<FreeFormText>text</FreeFormText>
							</addressLine2>
							<addressLine3>
								<FreeFormText>text</FreeFormText>
							</addressLine3>
							<cityName>
								<FreeFormText>text</FreeFormText>
							</cityName>
							<GlobalCountryCode>AD</GlobalCountryCode>
							<NationalPostalCode>00000</NationalPostalCode>
							<postOfficeBoxIdentifier>
								<FreeFormText>text</FreeFormText>
							</postOfficeBoxIdentifier>
							<regionName>
								<FreeFormText>text</FreeFormText>
							</regionName>
						</PhysicalAddress>
					</PhysicalLocation>
				</PartnerDescription>
			</shipTo>
			<TaxExemptStatus>
				<isTaxExempt>
					<AffirmationIndicator>no</AffirmationIndicator>
				</isTaxExempt>
				<TaxExemption>
					<GlobalTaxExemptionCode>Agriculture</GlobalTaxExemptionCode>
					<taxExemptionCertificationIdentifier>
						<ProprietaryReferenceIdentifier>pReferenceID</ProprietaryReferenceIdentifier>
					</taxExemptionCertificationIdentifier>
				</TaxExemption>
			</TaxExemptStatus>
			<totalLineItemAmount>
				<FinancialAmount>
					<GlobalCurrencyCode>ADP</GlobalCurrencyCode>
					<GlobalMonetaryAmountTypeCode>Credit</GlobalMonetaryAmountTypeCode>
					<InvoiceChargeTypeCode>Allowances and Charges</InvoiceChargeTypeCode>
					<MonetaryAmount>1.00</MonetaryAmount>
				</FinancialAmount>
			</totalLineItemAmount>
		</ProductLineItem>
		<proprietaryInformation>
			<FreeFormText>text</FreeFormText>
		</proprietaryInformation>
		<requestedEvent>
			<TransportationEvent>
				<DateStamp>20020311Z</DateStamp>
				<GlobalTransportEventCode>Dock</GlobalTransportEventCode>
			</TransportationEvent>
		</requestedEvent>
		<requestedShipFrom>
			<PhysicalAddress>
				<GlobalLocationIdentifier>9876543210000</GlobalLocationIdentifier>
				<PartnerLocationIdentification>
					<ProprietaryDomainIdentifier>pDomainID</ProprietaryDomainIdentifier>
					<ProprietaryIdentifierAuthority>pIDAuthority</ProprietaryIdentifierAuthority>
					<ProprietaryLocationIdentifier>pLocationID</ProprietaryLocationIdentifier>
				</PartnerLocationIdentification>
			</PhysicalAddress>
		</requestedShipFrom>
		<SecondaryBuyer>
			<PartnerDescription>
				<BusinessDescription>
					<GlobalBusinessIdentifier>987654321</GlobalBusinessIdentifier>
					<businessName>
						<FreeFormText>text</FreeFormText>
					</businessName>
					<PartnerBusinessIdentification>
						<ProprietaryBusinessIdentifier>pBusinessIdentifier</ProprietaryBusinessIdentifier>
						<ProprietaryDomainIdentifier>pDomainID</ProprietaryDomainIdentifier>
						<ProprietaryIdentifierAuthority>pIDAuthority</ProprietaryIdentifierAuthority>
					</PartnerBusinessIdentification>
				</BusinessDescription>
				<GlobalPartnerClassificationCode>Broker</GlobalPartnerClassificationCode>
				<ContactInformation>
					<contactName>
						<FreeFormText>text</FreeFormText>
					</contactName>
					<EmailAddress>jdoe@doe.com</EmailAddress>
					<facsimileNumber>
						<CommunicationsNumber>000.000.0000</CommunicationsNumber>
					</facsimileNumber>
					<telephoneNumber>
						<CommunicationsNumber>000.000.0000</CommunicationsNumber>
					</telephoneNumber>
				</ContactInformation>
				<PhysicalLocation>
					<GlobalLocationIdentifier>9876543210000</GlobalLocationIdentifier>
					<PartnerLocationIdentification>
						<ProprietaryDomainIdentifier>pDomainID</ProprietaryDomainIdentifier>
						<ProprietaryIdentifierAuthority>pIDAuthority</ProprietaryIdentifierAuthority>
						<ProprietaryLocationIdentifier>pLocationID</ProprietaryLocationIdentifier>
					</PartnerLocationIdentification>
					<PhysicalAddress>
						<addressLine1>
							<FreeFormText>text</FreeFormText>
						</addressLine1>
						<addressLine2>
							<FreeFormText>text</FreeFormText>
						</addressLine2>
						<addressLine3>
							<FreeFormText>text</FreeFormText>
						</addressLine3>
						<cityName>
							<FreeFormText>text</FreeFormText>
						</cityName>
						<GlobalCountryCode>AD</GlobalCountryCode>
						<NationalPostalCode>00000</NationalPostalCode>
						<postOfficeBoxIdentifier>
							<FreeFormText>text</FreeFormText>
						</postOfficeBoxIdentifier>
						<regionName>
							<FreeFormText>text</FreeFormText>
						</regionName>
					</PhysicalAddress>
				</PhysicalLocation>
			</PartnerDescription>
			<secondaryBuyerPurchaseOrderIdentifier>
				<ProprietaryDocumentIdentifier>pDocumentID</ProprietaryDocumentIdentifier>
			</secondaryBuyerPurchaseOrderIdentifier>
		</SecondaryBuyer>
		<shipTo>
			<PartnerDescription>
				<BusinessDescription>
					<GlobalBusinessIdentifier>987654321</GlobalBusinessIdentifier>
					<businessName>
						<FreeFormText>text</FreeFormText>
					</businessName>
					<PartnerBusinessIdentification>
						<ProprietaryBusinessIdentifier>pBusinessIdentifier</ProprietaryBusinessIdentifier>
						<ProprietaryDomainIdentifier>pDomainID</ProprietaryDomainIdentifier>
						<ProprietaryIdentifierAuthority>pIDAuthority</ProprietaryIdentifierAuthority>
					</PartnerBusinessIdentification>
				</BusinessDescription>
				<GlobalPartnerClassificationCode>Broker</GlobalPartnerClassificationCode>
				<ContactInformation>
					<contactName>
						<FreeFormText>text</FreeFormText>
					</contactName>
					<EmailAddress>jdoe@doe.com</EmailAddress>
					<facsimileNumber>
						<CommunicationsNumber>000.000.0000</CommunicationsNumber>
					</facsimileNumber>
					<telephoneNumber>
						<CommunicationsNumber>000.000.0000</CommunicationsNumber>
					</telephoneNumber>
				</ContactInformation>
				<PhysicalLocation>
					<GlobalLocationIdentifier>9876543210000</GlobalLocationIdentifier>
					<PartnerLocationIdentification>
						<ProprietaryDomainIdentifier>pDomainID</ProprietaryDomainIdentifier>
						<ProprietaryIdentifierAuthority>pIDAuthority</ProprietaryIdentifierAuthority>
						<ProprietaryLocationIdentifier>pLocationID</ProprietaryLocationIdentifier>
					</PartnerLocationIdentification>
					<PhysicalAddress>
						<addressLine1>
							<FreeFormText>text</FreeFormText>
						</addressLine1>
						<addressLine2>
							<FreeFormText>text</FreeFormText>
						</addressLine2>
						<addressLine3>
							<FreeFormText>text</FreeFormText>
						</addressLine3>
						<cityName>
							<FreeFormText>text</FreeFormText>
						</cityName>
						<GlobalCountryCode>AD</GlobalCountryCode>
						<NationalPostalCode>00000</NationalPostalCode>
						<postOfficeBoxIdentifier>
							<FreeFormText>text</FreeFormText>
						</postOfficeBoxIdentifier>
						<regionName>
							<FreeFormText>text</FreeFormText>
						</regionName>
					</PhysicalAddress>
				</PhysicalLocation>
			</PartnerDescription>
		</shipTo>
		<TaxExemptStatus>
			<isTaxExempt>
				<AffirmationIndicator>no</AffirmationIndicator>
			</isTaxExempt>
			<TaxExemption>
				<GlobalTaxExemptionCode>Agriculture</GlobalTaxExemptionCode>
				<taxExemptionCertificationIdentifier>
					<ProprietaryReferenceIdentifier>pReferenceID</ProprietaryReferenceIdentifier>
				</taxExemptionCertificationIdentifier>
			</TaxExemption>
		</TaxExemptStatus>
		<totalAmount>
			<FinancialAmount>
				<GlobalCurrencyCode>ADP</GlobalCurrencyCode>
				<GlobalMonetaryAmountTypeCode>Credit</GlobalMonetaryAmountTypeCode>
				<InvoiceChargeTypeCode>Allowances and Charges</InvoiceChargeTypeCode>
				<MonetaryAmount>1.00</MonetaryAmount>
			</FinancialAmount>
		</totalAmount>
	</PurchaseOrder>
	<thisDocumentGenerationDateTime>
		<DateTimeStamp>20040521T185315.085Z</DateTimeStamp>
	</thisDocumentGenerationDateTime>
	<thisDocumentIdentifier>
		<ProprietaryDocumentIdentifier>20040521T185315.085Z</ProprietaryDocumentIdentifier>
	</thisDocumentIdentifier>
	<toRole>
		<PartnerRoleDescription>
			<ContactInformation>
				<contactName>
					<FreeFormText>text</FreeFormText>
				</contactName>
				<EmailAddress>jdoe@doe.com</EmailAddress>
				<facsimileNumber>
					<CommunicationsNumber>000.000.0000</CommunicationsNumber>
				</facsimileNumber>
				<telephoneNumber>
					<CommunicationsNumber>000.000.0000</CommunicationsNumber>
				</telephoneNumber>
			</ContactInformation>
			<GlobalPartnerRoleClassificationCode>Seller</GlobalPartnerRoleClassificationCode>
			<PartnerDescription>
				<BusinessDescription>
					<GlobalBusinessIdentifier>987654321</GlobalBusinessIdentifier>
					<GlobalSupplyChainCode>Electronic Components</GlobalSupplyChainCode>
				</BusinessDescription>
				<GlobalPartnerClassificationCode>Broker</GlobalPartnerClassificationCode>
			</PartnerDescription>
		</PartnerRoleDescription>
	</toRole>
</Pip3A4PurchaseOrderRequest>