<?xml version="1.0" encoding="UTF-8" ?>
<!DOCTYPE Pip3B2AdvanceShipmentNotification SYSTEM "SG3B2_AdvanceShipmentNotification.dtd"><Pip3B2AdvanceShipmentNotification><AdvancedShipmentNotification><BuyingPartner><purchasedBy><PartnerDescription><BusinessDescription><GlobalBusinessIdentifier>894730147</GlobalBusinessIdentifier></BusinessDescription></PartnerDescription></purchasedBy></BuyingPartner><OriginatingPartner><shipFrom><PartnerDescription><BusinessDescription><GlobalBusinessIdentifier>663050425</GlobalBusinessIdentifier></BusinessDescription></PartnerDescription></shipFrom></OriginatingPartner><SellingPartner><soldBy><PartnerDescription><BusinessDescription><GlobalBusinessIdentifier>663050425</GlobalBusinessIdentifier></BusinessDescription></PartnerDescription></soldBy></SellingPartner><Shipment><GlobalCarrierCode>KFS</GlobalCarrierCode><GlobalShippingServiceLevelCode>Same Day</GlobalShippingServiceLevelCode><numberOfShippingContainers><CountableAmount>1</CountableAmount></numberOfShippingContainers><ReceivingPartner><shipto><PartnerDescription><BusinessDescription><GlobalBusinessIdentifier>894730147</GlobalBusinessIdentifier></BusinessDescription><ContactInformation><contactName><FreeFormText>YuQiXing</FreeFormText></contactName><PhysicalAddress><GlobalCountryCode>CN</GlobalCountryCode></PhysicalAddress></ContactInformation></PartnerDescription></shipto></ReceivingPartner><shipmentIdentifier><ProprietaryReferenceIdentifier>1</ProprietaryReferenceIdentifier></shipmentIdentifier><ShippingContainer><shippingContainerIdentifier><ProprietarySerialIdentifier>1</ProprietarySerialIdentifier></shippingContainerIdentifier><ShippingContainerItem><DocumentSubLineLotShipReference><GlobalDocumentReferenceTypeCode>Delivery Note</GlobalDocumentReferenceTypeCode><ProprietaryDocumentIdentifier>K0000012</ProprietaryDocumentIdentifier><SeagateProprietarySite>SZT-KFS</SeagateProprietarySite><SeagateProprietaryComCode>IC-ASIC</SeagateProprietaryComCode><SeagateProprietaryItems><SeagateProprietaryPart>1003-002457</SeagateProprietaryPart><SeagateProprietaryKitQty>4000</SeagateProprietaryKitQty><SeagateProprietaryPartStatus>PICK</SeagateProprietaryPartStatus><SeagateProprietaryRemarks></SeagateProprietaryRemarks><SeagateProprietaryDONumber>0000000434</SeagateProprietaryDONumber><SeagateProprietaryVendorCode>SZT70917</SeagateProprietaryVendorCode><SeagateProprietaryPONumber>SZTFY16Q170917</SeagateProprietaryPONumber><SeagateProprietaryTransactionDate>20151022T025633.000Z</SeagateProprietaryTransactionDate><SeagateProprietaryTransactionType>RT</SeagateProprietaryTransactionType><SeagateProprietaryTradingPartnerDONumber>CG500682256</SeagateProprietaryTradingPartnerDONumber></SeagateProprietaryItems></DocumentSubLineLotShipReference><GlobalProductUnitOfMeasureCode>Each</GlobalProductUnitOfMeasureCode><isContainsHazardousMaterial><AffirmationIndicator>No</AffirmationIndicator></isContainsHazardousMaterial><ProductIdentification><PartnerProductIdentification><GlobalPartnerClassificationCode>Manufacturer</GlobalPartnerClassificationCode><ProprietaryProductIdentifier>1</ProprietaryProductIdentifier></PartnerProductIdentification></ProductIdentification><shippedQuantity><ProductQuantity>1</ProductQuantity></shippedQuantity></ShippingContainerItem></ShippingContainer><transportedBy><PartnerDescription><BusinessDescription><GlobalBusinessIdentifier>663050425</GlobalBusinessIdentifier></BusinessDescription></PartnerDescription></transportedBy></Shipment></AdvancedShipmentNotification><fromRole><PartnerRoleDescription><ContactInformation><contactName><FreeFormText>YuQiXing</FreeFormText></contactName><EmailAddress>YuQiXing@kaifa.cn</EmailAddress><facsimileNumber><CommunicationsNumber>(86-755) 83275000-36633</CommunicationsNumber></facsimileNumber><telephoneNumber><CommunicationsNumber>(86-755) 83275000-36633</CommunicationsNumber></telephoneNumber></ContactInformation><GlobalPartnerRoleClassificationCode>Shipper</GlobalPartnerRoleClassificationCode><PartnerDescription><BusinessDescription><GlobalBusinessIdentifier>663050425</GlobalBusinessIdentifier><GlobalSupplyChainCode>Electronic Components</GlobalSupplyChainCode></BusinessDescription><GlobalPartnerClassificationCode>Freight Forwarder</GlobalPartnerClassificationCode></PartnerDescription></PartnerRoleDescription></fromRole><GlobalDocumentFunctionCode>Request</GlobalDocumentFunctionCode><thisDocumentGenerationDateTime><DateTimeStamp>20151022T105514.109Z</DateTimeStamp></thisDocumentGenerationDateTime><thisDocumentIdentifier><ProprietaryDocumentIdentifier>SNKHUBASN20151022105514110000001</ProprietaryDocumentIdentifier></thisDocumentIdentifier><toRole><PartnerRoleDescription><GlobalPartnerRoleClassificationCode>Receiver</GlobalPartnerRoleClassificationCode><PartnerDescription><BusinessDescription><GlobalBusinessIdentifier>098533326</GlobalBusinessIdentifier><GlobalSupplyChainCode>Electronic Components</GlobalSupplyChainCode></BusinessDescription><GlobalPartnerClassificationCode>Manufacturer</GlobalPartnerClassificationCode></PartnerDescription></PartnerRoleDescription></toRole></Pip3B2AdvanceShipmentNotification>