<?xml version="1.0" encoding="UTF-8" ?>
<!-- Generated by RosettaNet Base Message Builder (2.0) -->
<SalesReportNotification schemaVersion="1.0" xmlns="urn:rosettanet:specification:interchange:SalesReportNotification:xsd:schema:1.0"
	xmlns:drbpc="urn:rosettanet:specification:domain:BookPriceQualifier:xsd:codelist:1.0" xmlns:drnsl="urn:rosettanet:specification:domain:SaleType:xsd:codelist:1.0"
	xmlns:drpcs="urn:rosettanet:specification:domain:PurchaseMethod:xsd:codelist:1.0" xmlns:drpmt="urn:rosettanet:specification:domain:PaymentMethod:xsd:codelist:1.0"
	xmlns:drrry="urn:rosettanet:specification:domain:ReportType:xsd:codelist:1.0" xmlns:drtnc="urn:rosettanet:specification:domain:TransactionType:xsd:codelist:1.0"
	xmlns:drtqf="urn:rosettanet:specification:domain:TotalQualifier:xsd:codelist:1.0" xmlns:dsspt="urn:rosettanet:specification:domain:SalesReporting:xsd:schema:1.0"
	xmlns:sdctr="urn:rosettanet:specification:system:StandardDocumentHeader:xsd:schema:1.0" xmlns:ubtcy="urn:rosettanet:specification:universal:AbstractType:xsd:schema:1.0"
	xmlns:ucttf="urn:rosettanet:specification:universal:ContactInformation:xsd:schema:1.0" xmlns:udcmn="urn:rosettanet:specification:universal:Document:xsd:schema:1.0"
	xmlns:udts="urn:rosettanet:specification:universal:Dates:xsd:schema:1.0" xmlns:udtyp="urn:rosettanet:specification:universal:DataType:xsd:schema:1.0"
	xmlns:ulctn="urn:rosettanet:specification:universal:Locations:xsd:schema:1.0" xmlns:umtyp="urn:rosettanet:specification:universal:MonetaryExpression:xsd:schema:1.0"
	xmlns:updtn="urn:rosettanet:specification:universal:ProductIdentification:xsd:schema:1.0" xmlns:uptrn="urn:rosettanet:specification:universal:PartnerIdentification:xsd:schema:1.0"
	xmlns:urdmt="urn:rosettanet:specification:universal:DocumentType:xsd:codelist:1.0" xmlns:urmyq="urn:rosettanet:specification:universal:MimeTypeQualifier:xsd:codelist:1.0"
	xmlns:urntf="urn:rosettanet:specification:universal:UnitOfMeasure:xsd:codelist:1.0" xmlns:urrrn="urn:rosettanet:specification:universal:ProcessRoleIdentifier:xsd:codelist:1.0"
	xmlns:urss="urn:rosettanet:specification:system:xml:1.0" xmlns:uscnt="urn:rosettanet:specification:universal:Country:xsd:codelist:1.0"
	xmlns:uscrn="urn:rosettanet:specification:universal:Currency:xsd:codelist:1.0" xmlns:uslng="urn:rosettanet:specification:universal:Language:xsd:codelist:1.0"
	xmlns:usnrs="urn:rosettanet:specification:universal:CountrySubdivision:xsd:codelist:1.0" xmlns:xs="http://www.w3.org/2001/XMLSchema"
	xmlns:xsi="http://www.w3.org/2001/XMLSchema-instance" xsi:schemaLocation="urn:rosettanet:specification:interchange:SalesReportNotification:xsd:schema:1.0
SalesReportNotification.xsd">
	<sdctr:DocumentHeader schemaVersion="1.0">
		<sdctr:CorrelationInformation schemaVersion="1.0">
			<sdctr:ContractInformation schemaVersion="1.0">
				<sdctr:ContractIdentifier>String</sdctr:ContractIdentifier>
				<sdctr:ContractType>String</sdctr:ContractType>
			</sdctr:ContractInformation>
			<sdctr:RequestingDocumentInformation schemaVersion="1.0">
				<sdctr:BusinessProcessInstanceIdentifier>String</sdctr:BusinessProcessInstanceIdentifier>
				<sdctr:RequestingDocumentCreationDateTime>2004-02-15T08:30:00+08:00</sdctr:RequestingDocumentCreationDateTime>
				<sdctr:RequestingDocumentInstanceIdentifier>String</sdctr:RequestingDocumentInstanceIdentifier>
				<sdctr:ResponseDateTime>2004-02-15T08:30:00+08:00</sdctr:ResponseDateTime>
			</sdctr:RequestingDocumentInformation>
		</sdctr:CorrelationInformation>
		<sdctr:DocumentInformation schemaVersion="1.0">
			<sdctr:Creation>2004-02-15T08:30:00+08:00</sdctr:Creation>
			<sdctr:DocumentIdentification schemaVersion="1.0">
				<sdctr:Identifier>String</sdctr:Identifier>
				<sdctr:Standard>String</sdctr:Standard>
				<sdctr:Type>String</sdctr:Type>
				<sdctr:Version>String</sdctr:Version>
			</sdctr:DocumentIdentification>
			<sdctr:DocumentManifest schemaVersion="1.0">
				<sdctr:ManifestItem schemaVersion="1.0">
					<sdctr:Description>String</sdctr:Description>
					<sdctr:Language agency="RosettaNet" codeListVersion="1.0" identifier="Language" schemaVersion="1.0">NO_ENUMERATION_FOUND_IN_SCHEMA</sdctr:Language>
					<sdctr:Length>100</sdctr:Length>
					<sdctr:MimeTypeQualifier agency="RosettaNet" codeListVersion="1.0" identifier="MimeTypeQualifier" schemaVersion="1.0">application/activemessage</sdctr:MimeTypeQualifier>
					<sdctr:UniversalResourceIdentifier>String</sdctr:UniversalResourceIdentifier>
				</sdctr:ManifestItem>
				<sdctr:MultipleType>true</sdctr:MultipleType>
				<sdctr:NumberOfItems>100</sdctr:NumberOfItems>
			</sdctr:DocumentManifest>
			<sdctr:DocumentSecurity schemaVersion="1.0">
				<sdctr:NonRepudiableReceipt>true</sdctr:NonRepudiableReceipt>
				<sdctr:PersistentEncryption>true</sdctr:PersistentEncryption>
				<sdctr:PersistentSignature>true</sdctr:PersistentSignature>
			</sdctr:DocumentSecurity>
		</sdctr:DocumentInformation>
		<sdctr:HeaderVersion>String</sdctr:HeaderVersion>
		<sdctr:Receiver schemaVersion="1.0">
			<sdctr:BusinessServiceInformation schemaVersion="1.0">
				<sdctr:ActionName>String</sdctr:ActionName>
				<sdctr:ProcessIdentifier>String</sdctr:ProcessIdentifier>
				<sdctr:ProcessReference>String</sdctr:ProcessReference>
				<sdctr:ProcessState>String</sdctr:ProcessState>
				<sdctr:ServiceName>String</sdctr:ServiceName>
			</sdctr:BusinessServiceInformation>
			<ucttf:ContactInformation schemaVersion="1.0">
				<ucttf:Contact>String</ucttf:Contact>
				<ucttf:Email>String</ucttf:Email>
				<ucttf:Fax>String</ucttf:Fax>
				<ucttf:Identifier>String</ucttf:Identifier>
				<ucttf:Phone>String</ucttf:Phone>
			</ucttf:ContactInformation>
			<uptrn:PartnerIdentification schemaVersion="1.0">
				<udtyp:Duns>000000000</udtyp:Duns>
			</uptrn:PartnerIdentification>
		</sdctr:Receiver>
		<sdctr:Sender schemaVersion="1.0">
			<sdctr:BusinessServiceInformation schemaVersion="1.0">
				<sdctr:ActionName>String</sdctr:ActionName>
				<sdctr:ProcessIdentifier>String</sdctr:ProcessIdentifier>
				<sdctr:ProcessReference>String</sdctr:ProcessReference>
				<sdctr:ProcessState>String</sdctr:ProcessState>
				<sdctr:ServiceName>String</sdctr:ServiceName>
			</sdctr:BusinessServiceInformation>
			<ucttf:ContactInformation schemaVersion="1.0">
				<ucttf:Contact>String</ucttf:Contact>
				<ucttf:Email>String</ucttf:Email>
				<ucttf:Fax>String</ucttf:Fax>
				<ucttf:Identifier>String</ucttf:Identifier>
				<ucttf:Phone>String</ucttf:Phone>
			</ucttf:ContactInformation>
			<uptrn:PartnerIdentification schemaVersion="1.0">
				<udtyp:Duns>000000000</udtyp:Duns>
			</uptrn:PartnerIdentification>
		</sdctr:Sender>
	</sdctr:DocumentHeader>
	<SalesReport schemaVersion="1.0">
		<AccountManagerCode>String</AccountManagerCode>
		<Comment>String</Comment>
		<dsspt:ContractDetails schemaVersion="1.0">
			<dsspt:ContractPeriod schemaVersion="1.0">
				<udts:DatePeriod schemaVersion="1.0">
					<udts:Begin>2002-02-15</udts:Begin>
					<udts:End>2002-02-15</udts:End>
				</udts:DatePeriod>
			</dsspt:ContractPeriod>
			<dsspt:Identifier>String</dsspt:Identifier>
			<dsspt:Type>String</dsspt:Type>
		</dsspt:ContractDetails>
		<ExportReferenceNumber>String</ExportReferenceNumber>
		<MarketType>String</MarketType>
		<dsspt:ParticipatingPartner schemaVersion="1.0">
			<umtyp:TaxJurisdiction schemaVersion="1.0">
				<umtyp:Country agency="RosettaNet" codeListVersion="1.0" identifier="Country" schemaVersion="1.0">NO_ENUMERATION_FOUND_IN_SCHEMA</umtyp:Country>
				<umtyp:Identifier>String</umtyp:Identifier>
				<umtyp:Location>String</umtyp:Location>
				<umtyp:Rate>10.1</umtyp:Rate>
			</umtyp:TaxJurisdiction>
			<uptrn:IntermittentPartner schemaVersion="1.0">
				<ucttf:ContactInformation schemaVersion="1.0">
					<ucttf:Contact>String</ucttf:Contact>
					<ucttf:Email>String</ucttf:Email>
					<ucttf:Fax>String</ucttf:Fax>
					<ucttf:Identifier>String</ucttf:Identifier>
					<ucttf:Phone>String</ucttf:Phone>
				</ucttf:ContactInformation>
				<uptrn:PartnerName>String</uptrn:PartnerName>
				<ulctn:PhysicalAddress schemaVersion="1.0">
					<ulctn:AddressLine1>String</ulctn:AddressLine1>
					<ulctn:AddressLine2>String</ulctn:AddressLine2>
					<ulctn:AddressLine3>String</ulctn:AddressLine3>
					<ulctn:AddressLine4>String</ulctn:AddressLine4>
					<ulctn:AddressLine5>String</ulctn:AddressLine5>
					<ulctn:CityName>String</ulctn:CityName>
					<ulctn:Country agency="RosettaNet" codeListVersion="1.0" identifier="Country" schemaVersion="1.0">NO_ENUMERATION_FOUND_IN_SCHEMA</ulctn:Country>
					<ulctn:CountrySubdivision agency="RosettaNet" codeListVersion="1.0" identifier="CountrySubdivision" schemaVersion="1.0">NO_ENUMERATION_FOUND_IN_SCHEMA</ulctn:CountrySubdivision>
					<ulctn:PostalCode>String</ulctn:PostalCode>
					<ulctn:PostOfficeBox>String</ulctn:PostOfficeBox>
				</ulctn:PhysicalAddress>
				<urrrn:ProcessRoleIdentifier agency="RosettaNet" codeListVersion="1.0" identifier="ProcessRoleIdentifier" schemaVersion="1.0">ADM</urrrn:ProcessRoleIdentifier>
			</uptrn:IntermittentPartner>
		</dsspt:ParticipatingPartner>
		<dsspt:ProductSummary schemaVersion="1.0">
			<updtn:ProductIdentification schemaVersion="1.0">
				<updtn:Identifier>String</updtn:Identifier>
				<updtn:IdentifierAuthority>String</updtn:IdentifierAuthority>
				<updtn:Revision>String</updtn:Revision>
			</updtn:ProductIdentification>
			<dsspt:ProductUnitTotal schemaVersion="1.0">
				<dsspt:Qualifier agency="RosettaNet" codeListVersion="1.0" identifier="TotalQualifier" schemaVersion="1.0">SLU</dsspt:Qualifier>
				<dsspt:Value>10</dsspt:Value>
			</dsspt:ProductUnitTotal>
		</dsspt:ProductSummary>
		<ProductTransfer schemaVersion="1.0">
			<dsspt:ParticipatingPartner schemaVersion="1.0">
				<umtyp:TaxJurisdiction schemaVersion="1.0">
					<umtyp:Country agency="RosettaNet" codeListVersion="1.0" identifier="Country" schemaVersion="1.0">NO_ENUMERATION_FOUND_IN_SCHEMA</umtyp:Country>
					<umtyp:Identifier>String</umtyp:Identifier>
					<umtyp:Location>String</umtyp:Location>
					<umtyp:Rate>10.1</umtyp:Rate>
				</umtyp:TaxJurisdiction>
				<uptrn:IntermittentPartner schemaVersion="1.0">
					<ucttf:ContactInformation schemaVersion="1.0">
						<ucttf:Contact>String</ucttf:Contact>
						<ucttf:Email>String</ucttf:Email>
						<ucttf:Fax>String</ucttf:Fax>
						<ucttf:Identifier>String</ucttf:Identifier>
						<ucttf:Phone>String</ucttf:Phone>
					</ucttf:ContactInformation>
					<uptrn:PartnerName>String</uptrn:PartnerName>
					<ulctn:PhysicalAddress schemaVersion="1.0">
						<ulctn:AddressLine1>String</ulctn:AddressLine1>
						<ulctn:AddressLine2>String</ulctn:AddressLine2>
						<ulctn:AddressLine3>String</ulctn:AddressLine3>
						<ulctn:AddressLine4>String</ulctn:AddressLine4>
						<ulctn:AddressLine5>String</ulctn:AddressLine5>
						<ulctn:CityName>String</ulctn:CityName>
						<ulctn:Country agency="RosettaNet" codeListVersion="1.0" identifier="Country" schemaVersion="1.0">NO_ENUMERATION_FOUND_IN_SCHEMA</ulctn:Country>
						<ulctn:CountrySubdivision agency="RosettaNet" codeListVersion="1.0" identifier="CountrySubdivision" schemaVersion="1.0">NO_ENUMERATION_FOUND_IN_SCHEMA</ulctn:CountrySubdivision>
						<ulctn:PostalCode>String</ulctn:PostalCode>
						<ulctn:PostOfficeBox>String</ulctn:PostOfficeBox>
					</ulctn:PhysicalAddress>
					<urrrn:ProcessRoleIdentifier agency="RosettaNet" codeListVersion="1.0" identifier="ProcessRoleIdentifier" schemaVersion="1.0">ADM</urrrn:ProcessRoleIdentifier>
				</uptrn:IntermittentPartner>
			</dsspt:ParticipatingPartner>
			<SalesReportLineItem schemaVersion="1.0">
				<udcmn:BusinessDocumentReference schemaVersion="1.0">
					<udcmn:DateTime>2004-02-15T08:30:00+08:00</udcmn:DateTime>
					<udcmn:DocumentType agency="RosettaNet" codeListVersion="1.0" identifier="DocumentType" schemaVersion="1.0">CBN</udcmn:DocumentType>
					<udcmn:Identifier>String</udcmn:Identifier>
					<udcmn:Line>String</udcmn:Line>
					<udcmn:Revision>String</udcmn:Revision>
					<udcmn:SubLine>String</udcmn:SubLine>
				</udcmn:BusinessDocumentReference>
				<Comment>String</Comment>
				<dsspt:InstallLocation schemaVersion="1.0">
					<ucttf:ContactInformation schemaVersion="1.0">
						<ucttf:Contact>String</ucttf:Contact>
						<ucttf:Email>String</ucttf:Email>
						<ucttf:Fax>String</ucttf:Fax>
						<ucttf:Identifier>String</ucttf:Identifier>
						<ucttf:Phone>String</ucttf:Phone>
					</ucttf:ContactInformation>
					<ulctn:Location schemaVersion="1.0">
						<udtyp:Duns>000000000</udtyp:Duns>
					</ulctn:Location>
				</dsspt:InstallLocation>
				<LineNumber>String</LineNumber>
				<dsspt:ProductInformation schemaVersion="1.0">
					<dsspt:ContractIdentifier>String</dsspt:ContractIdentifier>
					<dsspt:LotIdentification schemaVersion="1.0">
						<dsspt:Primary>String</dsspt:Primary>
						<dsspt:Secondary>String</dsspt:Secondary>
					</dsspt:LotIdentification>
					<updtn:ProductIdentification schemaVersion="1.0">
						<updtn:Identifier>String</updtn:Identifier>
						<updtn:IdentifierAuthority>String</updtn:IdentifierAuthority>
						<updtn:Revision>String</updtn:Revision>
					</updtn:ProductIdentification>
					<dsspt:ProvisionPeriod schemaVersion="1.0">
						<udts:DatePeriod schemaVersion="1.0">
							<udts:Begin>2002-02-15</udts:Begin>
							<udts:End>2002-02-15</udts:End>
						</udts:DatePeriod>
					</dsspt:ProvisionPeriod>
					<dsspt:SerialIdentifier>String</dsspt:SerialIdentifier>
				</dsspt:ProductInformation>
				<Quantity>10.1</Quantity>
				<dsspt:SalesOutAndTransaction schemaVersion="1.0">
					<dsspt:BookDate>2002-02-15</dsspt:BookDate>
					<dsspt:BookUnitPrice schemaVersion="1.0">
						<umtyp:FinancialAmount schemaVersion="1.0">
							<umtyp:Amount>10.1</umtyp:Amount>
							<umtyp:Currency agency="RosettaNet" codeListVersion="1.0" identifier="Currency" schemaVersion="1.0">NO_ENUMERATION_FOUND_IN_SCHEMA</umtyp:Currency>
						</umtyp:FinancialAmount>
						<dsspt:Qualifier agency="RosettaNet" codeListVersion="1.0" identifier="BookPriceQualifier" schemaVersion="1.0">AVC</dsspt:Qualifier>
					</dsspt:BookUnitPrice>
					<dsspt:LeaseDescription>String</dsspt:LeaseDescription>
					<dsspt:PaymentMethod agency="RosettaNet" codeListVersion="1.0" identifier="PaymentMethod" schemaVersion="1.0">BTX</dsspt:PaymentMethod>
					<dsspt:PriceListIdentifier>String</dsspt:PriceListIdentifier>
					<dsspt:PurchaseMethod agency="RosettaNet" codeListVersion="1.0" identifier="PurchaseMethod" schemaVersion="1.0">INT</dsspt:PurchaseMethod>
					<dsspt:ResaleUnitPrice schemaVersion="1.0">
						<umtyp:Amount>10.1</umtyp:Amount>
						<umtyp:Currency agency="RosettaNet" codeListVersion="1.0" identifier="Currency" schemaVersion="1.0">NO_ENUMERATION_FOUND_IN_SCHEMA</umtyp:Currency>
					</dsspt:ResaleUnitPrice>
					<dsspt:SalesOut schemaVersion="1.0">
						<dsspt:Date>2002-02-15</dsspt:Date>
						<dsspt:Quantity>10</dsspt:Quantity>
						<dsspt:SaleType agency="RosettaNet" codeListVersion="1.0" identifier="SaleType" schemaVersion="1.0">PUR</dsspt:SaleType>
					</dsspt:SalesOut>
					<dsspt:TransactionType agency="RosettaNet" codeListVersion="1.0" identifier="TransactionType" schemaVersion="1.0">SAL</dsspt:TransactionType>
				</dsspt:SalesOutAndTransaction>
				<SpecialPriceClaim schemaVersion="1.0">
					<AuthorizationNumber>String</AuthorizationNumber>
					<Comments>String</Comments>
					<DebitMemoNumber>String</DebitMemoNumber>
					<Identifier>String</Identifier>
					<ReferenceQuallifier>String</ReferenceQuallifier>
					<ReferenceValue>String</ReferenceValue>
					<dsspt:SpecialPrice schemaVersion="1.0">
						<dsspt:EligiblePeriod schemaVersion="1.0">
							<udts:DatePeriod schemaVersion="1.0">
								<udts:Begin>2002-02-15</udts:Begin>
								<udts:End>2002-02-15</udts:End>
							</udts:DatePeriod>
						</dsspt:EligiblePeriod>
						<dsspt:EligibleUnits>10</dsspt:EligibleUnits>
						<umtyp:ProductPricing schemaVersion="1.0">
							<umtyp:FinancialAmount schemaVersion="1.0">
								<umtyp:Amount>10.1</umtyp:Amount>
								<umtyp:Currency agency="RosettaNet" codeListVersion="1.0" identifier="Currency" schemaVersion="1.0">NO_ENUMERATION_FOUND_IN_SCHEMA</umtyp:Currency>
							</umtyp:FinancialAmount>
							<umtyp:PriceUnit agency="RosettaNet" codeListVersion="1.0" identifier="UnitOfMeasure" schemaVersion="1.0">1BF</umtyp:PriceUnit>
						</umtyp:ProductPricing>
					</dsspt:SpecialPrice>
				</SpecialPriceClaim>
			</SalesReportLineItem>
		</ProductTransfer>
		<ReportType agency="RosettaNet" codeListVersion="1.0" identifier="ReportType" schemaVersion="1.0">CON</ReportType>
		<SalesTerritoryNumber>String</SalesTerritoryNumber>
	</SalesReport>
</SalesReportNotification>
